TailNumber,Origin,Destination,TravelDate,TravelTime,SeatPrice,Capacity,AircraftName,FirstName,LastName,DOB
T3231,DEN,DTW,2019-12-17,10,427.52,225,Boeing-787,Robert,Greene,MTk5MS0xMS0wOQ==
U2999,ATL,FLL,2019-12-14,8,240.34,211,Airbus-A330,Robert,Greene,MTk5MS0xMS0wOQ==
U2999,JFK,BOS,2019-07-16,2,352.86,211,Airbus-A330,Robert,Greene,MTk5MS0xMS0wOQ==
D2204,LAS,CLT,2020-04-24,8,104.64,23,Boeing-787,Emily,Anderson,MTk5My0wMy0yMA==
O2858,LAX,IAH,2020-03-05,10,424.46,89,Boeing-777,Robert,Greene,MTk5MS0xMS0wOQ==
V2774,ATL,IAH,2019-07-25,8,309.55,142,Boeing-747,Emily,Anderson,MTk5My0wMy0yMA==
V2774,DFW,PHL,2019-08-15,1,268.78,142,Boeing-747,Phil,Fury,MTk4Ni0xMS0wOA==
V2774,LAX,MIA,2020-02-24,9,436.74,142,Boeing-747,Russell,Brown,MTk5Mi0xMS0xNA==
N2413,LAX,MSP,2020-01-21,10,495.4,74,Airbus-A350,Robert,Greene,MTk5MS0xMS0wOQ==
D3204,LAS,MSP,2019-07-20,8,384.53,29,Airbus-A380,Robert,Greene,MTk5MS0xMS0wOQ==
U2999,DEN,PHX,2019-12-30,7,291.47,211,Airbus-A330,Robert,Greene,MTk5MS0xMS0wOQ==
N2355,JFK,IAH,2020-03-18,6,94.81,67,Boeing-777,Russell,Brown,MTk5Mi0xMS0xNA==
O2806,MCO,MSP,2019-08-31,7,74.09,133,Airbus-A350,Russell,Brown,MTk5Mi0xMS0xNA==
K2295,SFO,DTW,2019-09-20,3,162.21,194,Boeing-767,Emily,Anderson,MTk5My0wMy0yMA==
N2413,ATL,PHX,2019-11-02,2,383.6,74,Airbus-A350,Robert,Greene,MTk5MS0xMS0wOQ==
V3243,LAX,EWR,2020-04-13,4,136.3,114,Boeing-747,Robert,Greene,MTk5MS0xMS0wOQ==
O2858,ORD,MIA,2020-01-02,5,136.83,89,Boeing-777,Emily,Anderson,MTk5My0wMy0yMA==
X2978,ORD,PHX,2019-08-06,4,147.85,59,Boeing-777,Emily,Anderson,MTk5My0wMy0yMA==
Q2705,SEA,EWR,2019-05-24,8,149.87,125,Boeing-777,Robert,Greene,MTk5MS0xMS0wOQ==
V3243,LAS,CLT,2019-07-16,2,341.64,114,Boeing-747,Emily,Anderson,MTk5My0wMy0yMA==
N2413,DFW,BOS,2020-03-15,7,228.25,74,Airbus-A350,Robert,Greene,MTk5MS0xMS0wOQ==
U2999,ORD,IAH,2019-12-23,4,450.49,211,Airbus-A330,Emily,Anderson,MTk5My0wMy0yMA==
T3231,JFK,IAH,2019-06-07,2,460.17,225,Boeing-787,Phil,Fury,MTk4Ni0xMS0wOA==
T3231,SEA,EWR,2019-06-22,3,238.67,225,Boeing-787,Robert,Greene,MTk5MS0xMS0wOQ==
R3228,LAX,CLT,2020-01-12,8,458.16,62,Boeing-787,Robert,Greene,MTk5MS0xMS0wOQ==
N2413,MCO,PHL,2019-08-15,9,231.97,74,Airbus-A350,Emily,Anderson,MTk5My0wMy0yMA==
V2774,MCO,MSP,2020-01-22,8,166.17,142,Boeing-747,Robert,Greene,MTk5MS0xMS0wOQ==
O2858,LAX,IAH,2020-03-02,9,165.22,89,Boeing-777,Russell,Brown,MTk5Mi0xMS0xNA==
V3243,ATL,MSP,2019-07-20,4,295.69,114,Boeing-747,Robert,Greene,MTk5MS0xMS0wOQ==
N2413,MCO,PHX,2019-11-07,9,497.25,74,Airbus-A350,Russell,Brown,MTk5Mi0xMS0xNA==
V3243,ORD,FLL,2019-11-03,3,382.52,114,Boeing-747,Robert,Greene,MTk5MS0xMS0wOQ==
Q2705,JFK,EWR,2019-09-17,7,397.79,125,Boeing-777,Phil,Fury,MTk4Ni0xMS0wOA==
X2978,MCO,PHL,2019-08-21,9,451.37,59,Boeing-777,Russell,Brown,MTk5Mi0xMS0xNA==
D2204,JFK,MIA,2020-02-17,7,390.73,23,Boeing-787,Emily,Anderson,MTk5My0wMy0yMA==
K2295,SFO,DTW,2019-05-16,6,403.87,194,Boeing-767,Emily,Anderson,MTk5My0wMy0yMA==
X2978,ATL,PHL,2019-08-13,4,247.51,59,Boeing-777,Phil,Fury,MTk4Ni0xMS0wOA==
T3231,LAS,CLT,2019-08-07,4,439.22,225,Boeing-787,Emily,Anderson,MTk5My0wMy0yMA==
N2413,DFW,PHL,2019-07-01,9,338.28,74,Airbus-A350,Robert,Greene,MTk5MS0xMS0wOQ==
Z2791,SFO,DTW,2019-05-24,2,484.62,46,Boeing-787,Phil,Fury,MTk4Ni0xMS0wOA==
R2942,DFW,DTW,2019-12-01,7,493.54,204,Boeing-767,Phil,Fury,MTk4Ni0xMS0wOA==
U2808,LAX,CLT,2019-12-27,5,207.88,75,Airbus-A380,Robert,Greene,MTk5MS0xMS0wOQ==
U2999,SEA,PHL,2020-02-20,7,387.99,211,Airbus-A330,Phil,Fury,MTk4Ni0xMS0wOA==
V3243,SEA,FLL,2019-09-05,4,230.69,114,Boeing-747,Emily,Anderson,MTk5My0wMy0yMA==
Z2791,ATL,BOS,2019-10-11,3,312.51,46,Boeing-787,Phil,Fury,MTk4Ni0xMS0wOA==
R2942,DEN,PHX,2019-09-04,7,459.02,204,Boeing-767,Emily,Anderson,MTk5My0wMy0yMA==
M2286,DEN,MIA,2019-09-16,8,71.0,174,Boeing-787,Phil,Fury,MTk4Ni0xMS0wOA==
T3231,SFO,MSP,2019-08-30,4,339.14,225,Boeing-787,Phil,Fury,MTk4Ni0xMS0wOA==
U2999,ORD,IAH,2020-02-27,1,370.17,211,Airbus-A330,Phil,Fury,MTk4Ni0xMS0wOA==
M2286,LAX,PHL,2020-01-14,8,439.25,174,Boeing-787,Phil,Fury,MTk4Ni0xMS0wOA==
R2942,SFO,MSP,2020-01-06,9,308.86,204,Boeing-767,Russell,Brown,MTk5Mi0xMS0xNA==
U2808,JFK,BOS,2019-05-31,6,241.77,75,Airbus-A380,Emily,Anderson,MTk5My0wMy0yMA==
K2295,SFO,BOS,2019-11-11,2,305.61,194,Boeing-767,Phil,Fury,MTk4Ni0xMS0wOA==
O2858,JFK,DTW,2020-04-21,1,216.46,89,Boeing-777,Russell,Brown,MTk5Mi0xMS0xNA==
N2413,ATL,EWR,2019-12-26,9,477.61,74,Airbus-A350,Emily,Anderson,MTk5My0wMy0yMA==
U2808,LAS,PHL,2019-07-09,3,174.74,75,Airbus-A380,Russell,Brown,MTk5Mi0xMS0xNA==
N3093,ATL,MIA,2020-01-21,5,73.17,85,Airbus-A340,Emily,Anderson,MTk5My0wMy0yMA==
M2286,SEA,FLL,2019-05-09,3,249.29,174,Boeing-787,Russell,Brown,MTk5Mi0xMS0xNA==
U2698,DEN,MSP,2019-08-24,10,245.32,122,Boeing-787,Emily,Anderson,MTk5My0wMy0yMA==
O2858,SFO,FLL,2019-07-17,9,404.91,89,Boeing-777,Russell,Brown,MTk5Mi0xMS0xNA==
N2355,JFK,PHX,2020-03-23,8,449.94,67,Boeing-777,Emily,Anderson,MTk5My0wMy0yMA==
V2774,DFW,DTW,2019-09-26,10,184.27,142,Boeing-747,Robert,Greene,MTk5MS0xMS0wOQ==
M2286,LAX,EWR,2019-08-18,4,85.77,174,Boeing-787,Emily,Anderson,MTk5My0wMy0yMA==
Z2791,SFO,MIA,2019-06-20,10,271.07,46,Boeing-787,Robert,Greene,MTk5MS0xMS0wOQ==
R3228,LAX,PHX,2019-12-23,5,419.09,62,Boeing-787,Phil,Fury,MTk4Ni0xMS0wOA==
R3228,DFW,EWR,2019-04-30,3,57.99,62,Boeing-787,Robert,Greene,MTk5MS0xMS0wOQ==
V3243,LAX,IAH,2019-07-12,9,222.19,114,Boeing-747,Robert,Greene,MTk5MS0xMS0wOQ==
O2858,DFW,CLT,2019-12-02,3,61.03,89,Boeing-777,Russell,Brown,MTk5Mi0xMS0xNA==
R2942,ATL,PHX,2019-05-26,6,436.46,204,Boeing-767,Russell,Brown,MTk5Mi0xMS0xNA==
O2858,ATL,MIA,2019-09-26,8,228.46,89,Boeing-777,Phil,Fury,MTk4Ni0xMS0wOA==
T3231,SEA,PHL,2019-07-19,1,196.03,225,Boeing-787,Russell,Brown,MTk5Mi0xMS0xNA==
N2413,MCO,MSP,2019-10-02,10,76.89,74,Airbus-A350,Russell,Brown,MTk5Mi0xMS0xNA==
D3204,ATL,EWR,2020-01-17,2,416.72,29,Airbus-A380,Robert,Greene,MTk5MS0xMS0wOQ==
Q2705,DFW,PHX,2020-02-07,4,249.1,125,Boeing-777,Emily,Anderson,MTk5My0wMy0yMA==
V2774,SFO,EWR,2019-05-02,3,242.21,142,Boeing-747,Robert,Greene,MTk5MS0xMS0wOQ==
Z2791,DEN,MSP,2019-12-10,9,321.84,46,Boeing-787,Phil,Fury,MTk4Ni0xMS0wOA==
Z2791,DEN,FLL,2019-06-13,1,75.32,46,Boeing-787,Emily,Anderson,MTk5My0wMy0yMA==
T3231,DFW,PHX,2019-07-16,6,427.69,225,Boeing-787,Phil,Fury,MTk4Ni0xMS0wOA==
R2942,SEA,EWR,2019-09-20,6,353.14,204,Boeing-767,Russell,Brown,MTk5Mi0xMS0xNA==
O2806,SFO,PHX,2019-09-23,1,449.29,133,Airbus-A350,Emily,Anderson,MTk5My0wMy0yMA==
Z2791,DFW,DTW,2019-11-27,6,173.42,46,Boeing-787,Phil,Fury,MTk4Ni0xMS0wOA==
N2355,DFW,MIA,2020-02-06,7,228.24,67,Boeing-777,Robert,Greene,MTk5MS0xMS0wOQ==
O2806,LAX,FLL,2019-09-20,3,271.58,133,Airbus-A350,Phil,Fury,MTk4Ni0xMS0wOA==
D3204,MCO,DTW,2019-07-16,8,140.58,29,Airbus-A380,Emily,Anderson,MTk5My0wMy0yMA==
V3243,JFK,DTW,2020-01-24,7,323.23,114,Boeing-747,Robert,Greene,MTk5MS0xMS0wOQ==
U2808,DFW,EWR,2019-12-07,9,470.95,75,Airbus-A380,Emily,Anderson,MTk5My0wMy0yMA==
R2942,ORD,MIA,2019-09-30,2,421.74,204,Boeing-767,Phil,Fury,MTk4Ni0xMS0wOA==
D3204,DFW,BOS,2020-01-15,2,394.74,29,Airbus-A380,Robert,Greene,MTk5MS0xMS0wOQ==
R2942,DEN,FLL,2020-02-01,10,498.62,204,Boeing-767,Robert,Greene,MTk5MS0xMS0wOQ==
N2413,JFK,MSP,2019-04-27,6,155.78,74,Airbus-A350,Emily,Anderson,MTk5My0wMy0yMA==
U2999,LAS,PHX,2020-03-07,8,331.24,211,Airbus-A330,Phil,Fury,MTk4Ni0xMS0wOA==
V3243,MCO,IAH,2019-05-03,5,494.51,114,Boeing-747,Russell,Brown,MTk5Mi0xMS0xNA==
R2942,LAS,MIA,2019-10-12,7,346.43,204,Boeing-767,Robert,Greene,MTk5MS0xMS0wOQ==
Z2791,MCO,PHL,2019-09-23,3,131.77,46,Boeing-787,Emily,Anderson,MTk5My0wMy0yMA==
R3228,SFO,FLL,2020-03-03,9,204.64,62,Boeing-787,Russell,Brown,MTk5Mi0xMS0xNA==
K2295,MCO,EWR,2019-10-08,5,464.36,194,Boeing-767,Emily,Anderson,MTk5My0wMy0yMA==
M2286,MCO,DTW,2019-09-20,5,284.84,174,Boeing-787,Russell,Brown,MTk5Mi0xMS0xNA==
K2295,ATL,DTW,2020-04-06,8,345.73,194,Boeing-767,Emily,Anderson,MTk5My0wMy0yMA==
N2355,DEN,IAH,2019-05-05,1,304.74,67,Boeing-777,Emily,Anderson,MTk5My0wMy0yMA==
D3204,DFW,MSP,2020-04-04,9,200.29,29,Airbus-A380,Russell,Brown,MTk5Mi0xMS0xNA==
K2295,SFO,FLL,2019-10-19,8,368.04,194,Boeing-767,Phil,Fury,MTk4Ni0xMS0wOA==
R2942,LAS,CLT,2020-01-07,9,191.37,204,Boeing-767,Phil,Fury,MTk4Ni0xMS0wOA==
N3093,DFW,MIA,2020-03-20,9,266.51,85,Airbus-A340,Phil,Fury,MTk4Ni0xMS0wOA==
X2978,ATL,BOS,2020-03-07,7,97.07,59,Boeing-777,Russell,Brown,MTk5Mi0xMS0xNA==
V2774,LAS,MSP,2020-02-09,8,261.07,142,Boeing-747,Emily,Anderson,MTk5My0wMy0yMA==
N2413,MCO,BOS,2019-12-17,5,175.2,74,Airbus-A350,Emily,Anderson,MTk5My0wMy0yMA==
U2808,DFW,EWR,2019-10-07,7,207.28,75,Airbus-A380,Russell,Brown,MTk5Mi0xMS0xNA==
N2413,LAS,MIA,2019-11-10,2,227.97,74,Airbus-A350,Emily,Anderson,MTk5My0wMy0yMA==
R2942,DEN,BOS,2020-04-09,5,76.58,204,Boeing-767,Phil,Fury,MTk4Ni0xMS0wOA==
U2698,ATL,PHX,2019-11-22,2,385.73,122,Boeing-787,Robert,Greene,MTk5MS0xMS0wOQ==
O2858,ATL,FLL,2019-09-07,3,261.25,89,Boeing-777,Phil,Fury,MTk4Ni0xMS0wOA==
Z2791,SFO,IAH,2019-05-26,10,476.74,46,Boeing-787,Emily,Anderson,MTk5My0wMy0yMA==
N2355,ATL,BOS,2020-03-07,9,455.65,67,Boeing-777,Robert,Greene,MTk5MS0xMS0wOQ==
U2698,SFO,IAH,2019-07-06,9,194.64,122,Boeing-787,Phil,Fury,MTk4Ni0xMS0wOA==
Z2791,LAS,IAH,2020-03-04,3,468.15,46,Boeing-787,Robert,Greene,MTk5MS0xMS0wOQ==
R3228,LAS,MSP,2019-08-21,6,270.25,62,Boeing-787,Russell,Brown,MTk5Mi0xMS0xNA==
N2413,MCO,FLL,2020-01-19,8,374.95,74,Airbus-A350,Emily,Anderson,MTk5My0wMy0yMA==
N2355,JFK,EWR,2020-02-18,7,136.92,67,Boeing-777,Phil,Fury,MTk4Ni0xMS0wOA==
D3204,DEN,PHL,2019-10-15,6,251.94,29,Airbus-A380,Russell,Brown,MTk5Mi0xMS0xNA==
Z2791,DFW,BOS,2019-06-24,3,92.43,46,Boeing-787,Robert,Greene,MTk5MS0xMS0wOQ==
U2808,ATL,FLL,2019-06-07,10,282.82,75,Airbus-A380,Emily,Anderson,MTk5My0wMy0yMA==
D3204,JFK,EWR,2020-02-14,4,103.19,29,Airbus-A380,Russell,Brown,MTk5Mi0xMS0xNA==
X2978,MCO,EWR,2019-10-18,10,126.1,59,Boeing-777,Russell,Brown,MTk5Mi0xMS0xNA==
T3231,LAX,CLT,2019-10-30,4,388.86,225,Boeing-787,Russell,Brown,MTk5Mi0xMS0xNA==
D3204,DEN,IAH,2020-01-01,6,169.47,29,Airbus-A380,Russell,Brown,MTk5Mi0xMS0xNA==
O2858,LAS,CLT,2020-03-26,9,325.83,89,Boeing-777,Emily,Anderson,MTk5My0wMy0yMA==
R3228,MCO,PHL,2019-08-29,2,168.72,62,Boeing-787,Robert,Greene,MTk5MS0xMS0wOQ==
V2774,JFK,MIA,2020-02-26,4,470.54,142,Boeing-747,Robert,Greene,MTk5MS0xMS0wOQ==
V3243,LAX,IAH,2019-05-23,6,382.96,114,Boeing-747,Robert,Greene,MTk5MS0xMS0wOQ==
V2774,DEN,MSP,2020-04-03,8,408.87,142,Boeing-747,Russell,Brown,MTk5Mi0xMS0xNA==
D3204,LAS,DTW,2019-06-24,9,342.96,29,Airbus-A380,Russell,Brown,MTk5Mi0xMS0xNA==
T3231,LAS,IAH,2019-09-12,6,374.45,225,Boeing-787,Phil,Fury,MTk4Ni0xMS0wOA==
Q2705,ORD,MSP,2019-12-15,5,213.12,125,Boeing-777,Robert,Greene,MTk5MS0xMS0wOQ==
R3228,SFO,DTW,2019-12-09,7,477.78,62,Boeing-787,Russell,Brown,MTk5Mi0xMS0xNA==
X2978,ORD,DTW,2020-03-30,2,376.48,59,Boeing-777,Emily,Anderson,MTk5My0wMy0yMA==
M2286,ATL,BOS,2019-09-22,5,273.49,174,Boeing-787,Phil,Fury,MTk4Ni0xMS0wOA==
Z2791,ORD,EWR,2019-05-07,5,208.7,46,Boeing-787,Phil,Fury,MTk4Ni0xMS0wOA==
V3243,LAX,FLL,2019-06-06,1,248.97,114,Boeing-747,Emily,Anderson,MTk5My0wMy0yMA==
N3093,SFO,MIA,2019-06-24,1,221.05,85,Airbus-A340,Russell,Brown,MTk5Mi0xMS0xNA==
N2413,DEN,BOS,2019-07-18,2,160.19,74,Airbus-A350,Russell,Brown,MTk5Mi0xMS0xNA==
U2698,DEN,IAH,2019-10-28,4,328.08,122,Boeing-787,Emily,Anderson,MTk5My0wMy0yMA==
D2204,JFK,CLT,2019-07-10,8,253.51,23,Boeing-787,Robert,Greene,MTk5MS0xMS0wOQ==
R3228,JFK,MSP,2020-04-22,1,231.27,62,Boeing-787,Emily,Anderson,MTk5My0wMy0yMA==
U2698,SFO,CLT,2019-07-30,6,425.32,122,Boeing-787,Emily,Anderson,MTk5My0wMy0yMA==
V2774,SFO,BOS,2019-10-02,8,423.54,142,Boeing-747,Russell,Brown,MTk5Mi0xMS0xNA==
K2295,ORD,MSP,2020-01-21,1,299.87,194,Boeing-767,Robert,Greene,MTk5MS0xMS0wOQ==
N2413,SFO,MIA,2020-02-15,1,246.97,74,Airbus-A350,Robert,Greene,MTk5MS0xMS0wOQ==
N3093,SEA,IAH,2019-05-29,10,51.38,85,Airbus-A340,Phil,Fury,MTk4Ni0xMS0wOA==
T3231,MCO,MIA,2019-11-02,5,66.08,225,Boeing-787,Russell,Brown,MTk5Mi0xMS0xNA==
D3204,JFK,MSP,2020-04-13,1,329.37,29,Airbus-A380,Robert,Greene,MTk5MS0xMS0wOQ==
V3243,LAS,DTW,2019-04-27,7,261.16,114,Boeing-747,Phil,Fury,MTk4Ni0xMS0wOA==
U2698,MCO,EWR,2020-01-13,9,127.08,122,Boeing-787,Robert,Greene,MTk5MS0xMS0wOQ==
D2204,LAS,PHX,2020-02-13,7,302.19,23,Boeing-787,Russell,Brown,MTk5Mi0xMS0xNA==
R2942,MCO,BOS,2020-01-21,8,447.12,204,Boeing-767,Emily,Anderson,MTk5My0wMy0yMA==
D3204,LAS,DTW,2019-11-30,8,236.47,29,Airbus-A380,Robert,Greene,MTk5MS0xMS0wOQ==
V2774,ORD,PHX,2019-06-21,1,204.83,142,Boeing-747,Emily,Anderson,MTk5My0wMy0yMA==
N3093,SEA,FLL,2019-10-13,10,146.42,85,Airbus-A340,Phil,Fury,MTk4Ni0xMS0wOA==
D2204,DFW,FLL,2020-01-14,10,182.25,23,Boeing-787,Emily,Anderson,MTk5My0wMy0yMA==
O2806,DFW,BOS,2020-01-22,6,187.11,133,Airbus-A350,Emily,Anderson,MTk5My0wMy0yMA==
D2204,DEN,FLL,2019-10-25,9,275.79,23,Boeing-787,Phil,Fury,MTk4Ni0xMS0wOA==
U2999,DEN,FLL,2019-10-01,1,121.14,211,Airbus-A330,Phil,Fury,MTk4Ni0xMS0wOA==
D3204,ATL,BOS,2019-09-23,4,379.72,29,Airbus-A380,Russell,Brown,MTk5Mi0xMS0xNA==
Z2791,MCO,DTW,2019-12-26,7,238.11,46,Boeing-787,Russell,Brown,MTk5Mi0xMS0xNA==
N2413,LAX,PHX,2019-05-21,9,87.4,74,Airbus-A350,Phil,Fury,MTk4Ni0xMS0wOA==
X2978,LAX,MIA,2019-05-27,7,413.09,59,Boeing-777,Phil,Fury,MTk4Ni0xMS0wOA==
V3243,LAS,MSP,2019-09-16,4,403.06,114,Boeing-747,Russell,Brown,MTk5Mi0xMS0xNA==
D2204,LAX,EWR,2019-04-26,8,354.55,23,Boeing-787,Russell,Brown,MTk5Mi0xMS0xNA==
M2286,SFO,MIA,2019-11-08,7,259.31,174,Boeing-787,Robert,Greene,MTk5MS0xMS0wOQ==
D3204,ATL,IAH,2019-08-06,9,481.12,29,Airbus-A380,Phil,Fury,MTk4Ni0xMS0wOA==
N2355,JFK,MIA,2020-01-24,10,289.36,67,Boeing-777,Robert,Greene,MTk5MS0xMS0wOQ==
U2808,ATL,BOS,2020-04-02,9,73.4,75,Airbus-A380,Russell,Brown,MTk5Mi0xMS0xNA==
D2204,ATL,MIA,2020-04-01,3,158.29,23,Boeing-787,Emily,Anderson,MTk5My0wMy0yMA==
O2858,DEN,DTW,2019-07-22,7,144.64,89,Boeing-777,Phil,Fury,MTk4Ni0xMS0wOA==
Z2791,DFW,PHL,2019-09-23,3,165.43,46,Boeing-787,Emily,Anderson,MTk5My0wMy0yMA==
M2286,DEN,BOS,2019-11-05,2,60.93,174,Boeing-787,Emily,Anderson,MTk5My0wMy0yMA==
O2806,MCO,FLL,2019-06-27,2,408.2,133,Airbus-A350,Phil,Fury,MTk4Ni0xMS0wOA==
R3228,LAX,PHX,2019-07-31,8,444.53,62,Boeing-787,Phil,Fury,MTk4Ni0xMS0wOA==
V3243,ORD,MIA,2019-08-17,10,428.31,114,Boeing-747,Russell,Brown,MTk5Mi0xMS0xNA==
X2978,JFK,PHL,2019-07-30,8,418.5,59,Boeing-777,Phil,Fury,MTk4Ni0xMS0wOA==
O2806,SFO,PHL,2019-12-28,1,103.6,133,Airbus-A350,Phil,Fury,MTk4Ni0xMS0wOA==
U2999,DFW,MSP,2019-06-26,2,389.21,211,Airbus-A330,Phil,Fury,MTk4Ni0xMS0wOA==
M2286,LAX,EWR,2020-04-19,5,246.5,174,Boeing-787,Robert,Greene,MTk5MS0xMS0wOQ==
X2978,LAS,MIA,2019-09-14,9,206.38,59,Boeing-777,Emily,Anderson,MTk5My0wMy0yMA==
D3204,DEN,MIA,2020-02-05,4,267.3,29,Airbus-A380,Emily,Anderson,MTk5My0wMy0yMA==
M2286,LAX,MIA,2019-07-31,10,431.44,174,Boeing-787,Phil,Fury,MTk4Ni0xMS0wOA==
Z2791,DEN,BOS,2019-08-06,1,355.3,46,Boeing-787,Phil,Fury,MTk4Ni0xMS0wOA==
M2286,SFO,MSP,2019-06-30,1,268.02,174,Boeing-787,Robert,Greene,MTk5MS0xMS0wOQ==
Z2791,JFK,MSP,2019-08-04,5,188.23,46,Boeing-787,Phil,Fury,MTk4Ni0xMS0wOA==
V3243,ATL,MSP,2020-03-24,1,371.14,114,Boeing-747,Russell,Brown,MTk5Mi0xMS0xNA==
V3243,MCO,BOS,2019-09-03,7,218.91,114,Boeing-747,Phil,Fury,MTk4Ni0xMS0wOA==
K2295,DFW,PHX,2020-02-24,4,412.71,194,Boeing-767,Phil,Fury,MTk4Ni0xMS0wOA==
N3093,ORD,EWR,2020-02-26,10,198.09,85,Airbus-A340,Phil,Fury,MTk4Ni0xMS0wOA==
O2858,ATL,EWR,2019-11-13,7,346.54,89,Boeing-777,Emily,Anderson,MTk5My0wMy0yMA==
D3204,LAX,CLT,2020-02-03,9,347.18,29,Airbus-A380,Emily,Anderson,MTk5My0wMy0yMA==
R3228,MCO,BOS,2019-11-08,2,91.59,62,Boeing-787,Russell,Brown,MTk5Mi0xMS0xNA==
N3093,DFW,EWR,2019-05-19,1,369.07,85,Airbus-A340,Phil,Fury,MTk4Ni0xMS0wOA==
M2286,LAX,CLT,2019-06-28,10,281.76,174,Boeing-787,Russell,Brown,MTk5Mi0xMS0xNA==
N3093,JFK,PHL,2019-10-29,5,268.88,85,Airbus-A340,Robert,Greene,MTk5MS0xMS0wOQ==
U2808,SEA,MSP,2019-05-16,4,410.52,75,Airbus-A380,Robert,Greene,MTk5MS0xMS0wOQ==
U2698,JFK,BOS,2020-01-26,1,85.88,122,Boeing-787,Robert,Greene,MTk5MS0xMS0wOQ==
O2858,ORD,MSP,2020-04-14,7,345.48,89,Boeing-777,Emily,Anderson,MTk5My0wMy0yMA==
Z2791,LAS,MSP,2019-05-28,2,89.49,46,Boeing-787,Russell,Brown,MTk5Mi0xMS0xNA==
U2999,ATL,CLT,2019-08-27,6,372.48,211,Airbus-A330,Emily,Anderson,MTk5My0wMy0yMA==
R3228,SFO,IAH,2019-10-11,1,180.77,62,Boeing-787,Phil,Fury,MTk4Ni0xMS0wOA==
R3228,LAS,PHX,2019-06-06,8,341.7,62,Boeing-787,Phil,Fury,MTk4Ni0xMS0wOA==
D3204,SFO,PHX,2020-04-22,4,339.88,29,Airbus-A380,Russell,Brown,MTk5Mi0xMS0xNA==
U2999,SFO,MSP,2020-04-19,8,300.57,211,Airbus-A330,Emily,Anderson,MTk5My0wMy0yMA==
N2355,JFK,FLL,2019-08-09,6,252.47,67,Boeing-777,Russell,Brown,MTk5Mi0xMS0xNA==
Z2791,DFW,BOS,2020-03-24,1,113.38,46,Boeing-787,Phil,Fury,MTk4Ni0xMS0wOA==
U2808,LAS,MIA,2019-06-29,8,109.33,75,Airbus-A380,Emily,Anderson,MTk5My0wMy0yMA==
V3243,DFW,PHL,2019-10-02,7,437.2,114,Boeing-747,Robert,Greene,MTk5MS0xMS0wOQ==
U2808,LAS,MIA,2019-09-07,7,189.61,75,Airbus-A380,Emily,Anderson,MTk5My0wMy0yMA==
T3231,SFO,MSP,2019-12-18,4,143.05,225,Boeing-787,Russell,Brown,MTk5Mi0xMS0xNA==
X2978,DEN,DTW,2019-06-08,10,291.43,59,Boeing-777,Russell,Brown,MTk5Mi0xMS0xNA==
N2355,LAX,PHX,2020-04-19,3,278.37,67,Boeing-777,Phil,Fury,MTk4Ni0xMS0wOA==
N2355,LAX,BOS,2020-01-13,10,313.48,67,Boeing-777,Robert,Greene,MTk5MS0xMS0wOQ==
D2204,DFW,FLL,2020-02-14,2,339.65,23,Boeing-787,Robert,Greene,MTk5MS0xMS0wOQ==
N2413,JFK,MIA,2019-10-25,5,373.84,74,Airbus-A350,Russell,Brown,MTk5Mi0xMS0xNA==
U2698,JFK,IAH,2019-10-20,2,268.12,122,Boeing-787,Russell,Brown,MTk5Mi0xMS0xNA==
N2413,LAS,MSP,2019-06-29,7,464.52,74,Airbus-A350,Phil,Fury,MTk4Ni0xMS0wOA==
U2999,ORD,MSP,2020-03-13,4,290.65,211,Airbus-A330,Phil,Fury,MTk4Ni0xMS0wOA==
X2978,LAX,CLT,2019-10-08,4,161.79,59,Boeing-777,Robert,Greene,MTk5MS0xMS0wOQ==
R3228,DFW,FLL,2020-02-22,4,84.65,62,Boeing-787,Emily,Anderson,MTk5My0wMy0yMA==
N2413,SEA,EWR,2019-07-27,3,77.51,74,Airbus-A350,Russell,Brown,MTk5Mi0xMS0xNA==
N2355,JFK,IAH,2019-07-21,9,191.22,67,Boeing-777,Robert,Greene,MTk5MS0xMS0wOQ==
N2355,LAS,IAH,2020-02-15,4,398.21,67,Boeing-777,Robert,Greene,MTk5MS0xMS0wOQ==
R2942,SEA,EWR,2019-07-13,3,65.96,204,Boeing-767,Phil,Fury,MTk4Ni0xMS0wOA==
V3243,JFK,FLL,2020-02-21,1,116.2,114,Boeing-747,Emily,Anderson,MTk5My0wMy0yMA==
R3228,SEA,MSP,2019-07-07,5,462.21,62,Boeing-787,Emily,Anderson,MTk5My0wMy0yMA==
T3231,LAX,IAH,2020-03-16,2,358.15,225,Boeing-787,Russell,Brown,MTk5Mi0xMS0xNA==
U2698,JFK,PHL,2019-07-21,5,194.73,122,Boeing-787,Russell,Brown,MTk5Mi0xMS0xNA==
D2204,LAX,MIA,2020-04-19,7,122.79,23,Boeing-787,Phil,Fury,MTk4Ni0xMS0wOA==
D3204,LAS,EWR,2019-04-29,4,475.09,29,Airbus-A380,Phil,Fury,MTk4Ni0xMS0wOA==
M2286,DFW,PHX,2019-12-18,10,253.41,174,Boeing-787,Russell,Brown,MTk5Mi0xMS0xNA==
U2698,MCO,PHX,2019-06-03,6,472.4,122,Boeing-787,Russell,Brown,MTk5Mi0xMS0xNA==
M2286,LAX,BOS,2019-11-26,6,134.43,174,Boeing-787,Robert,Greene,MTk5MS0xMS0wOQ==
U2999,LAX,EWR,2020-02-27,2,315.22,211,Airbus-A330,Emily,Anderson,MTk5My0wMy0yMA==
O2858,JFK,PHX,2019-07-26,5,414.44,89,Boeing-777,Russell,Brown,MTk5Mi0xMS0xNA==
U2698,JFK,BOS,2019-06-01,2,213.52,122,Boeing-787,Robert,Greene,MTk5MS0xMS0wOQ==
R3228,SFO,FLL,2019-10-31,8,423.52,62,Boeing-787,Emily,Anderson,MTk5My0wMy0yMA==
U2999,LAS,DTW,2019-10-13,2,106.51,211,Airbus-A330,Russell,Brown,MTk5Mi0xMS0xNA==
K2295,DFW,MSP,2019-07-14,6,433.74,194,Boeing-767,Russell,Brown,MTk5Mi0xMS0xNA==
N2413,LAX,PHL,2020-02-08,4,326.3,74,Airbus-A350,Emily,Anderson,MTk5My0wMy0yMA==
T3231,JFK,MSP,2019-11-19,10,450.98,225,Boeing-787,Russell,Brown,MTk5Mi0xMS0xNA==
V2774,ORD,PHX,2019-07-27,4,162.39,142,Boeing-747,Emily,Anderson,MTk5My0wMy0yMA==
V2774,DFW,MSP,2019-08-04,5,234.56,142,Boeing-747,Russell,Brown,MTk5Mi0xMS0xNA==
V2774,DEN,IAH,2020-03-07,4,116.71,142,Boeing-747,Russell,Brown,MTk5Mi0xMS0xNA==
U2999,JFK,MSP,2020-02-24,10,410.76,211,Airbus-A330,Robert,Greene,MTk5MS0xMS0wOQ==
R2942,DFW,FLL,2019-09-01,3,390.11,204,Boeing-767,Robert,Greene,MTk5MS0xMS0wOQ==
N2413,SEA,BOS,2020-02-28,6,99.62,74,Airbus-A350,Phil,Fury,MTk4Ni0xMS0wOA==
N3093,SFO,DTW,2020-02-20,8,52.92,85,Airbus-A340,Russell,Brown,MTk5Mi0xMS0xNA==
V2774,LAX,IAH,2020-04-23,5,118.7,142,Boeing-747,Emily,Anderson,MTk5My0wMy0yMA==
D3204,ATL,BOS,2019-05-19,5,289.64,29,Airbus-A380,Emily,Anderson,MTk5My0wMy0yMA==
K2295,SEA,PHL,2020-01-07,2,325.4,194,Boeing-767,Russell,Brown,MTk5Mi0xMS0xNA==
U2999,LAS,FLL,2019-05-27,1,484.42,211,Airbus-A330,Phil,Fury,MTk4Ni0xMS0wOA==
K2295,JFK,IAH,2019-09-05,6,417.84,194,Boeing-767,Phil,Fury,MTk4Ni0xMS0wOA==
N3093,ORD,DTW,2019-08-21,8,228.95,85,Airbus-A340,Russell,Brown,MTk5Mi0xMS0xNA==
Q2705,MCO,FLL,2019-05-27,8,93.42,125,Boeing-777,Phil,Fury,MTk4Ni0xMS0wOA==
O2858,SEA,IAH,2019-12-13,4,81.48,89,Boeing-777,Emily,Anderson,MTk5My0wMy0yMA==
O2806,DEN,MSP,2019-12-07,10,446.92,133,Airbus-A350,Phil,Fury,MTk4Ni0xMS0wOA==
U2808,SFO,CLT,2020-01-05,3,242.74,75,Airbus-A380,Emily,Anderson,MTk5My0wMy0yMA==
K2295,JFK,FLL,2020-02-12,4,412.51,194,Boeing-767,Phil,Fury,MTk4Ni0xMS0wOA==
N2413,MCO,EWR,2019-08-15,1,443.75,74,Airbus-A350,Russell,Brown,MTk5Mi0xMS0xNA==
N2355,DFW,FLL,2019-12-14,6,240.45,67,Boeing-777,Emily,Anderson,MTk5My0wMy0yMA==
N2355,DFW,IAH,2019-11-01,1,359.87,67,Boeing-777,Emily,Anderson,MTk5My0wMy0yMA==
N2355,ORD,MSP,2019-09-07,8,371.07,67,Boeing-777,Robert,Greene,MTk5MS0xMS0wOQ==
K2295,ATL,PHX,2019-11-19,4,186.72,194,Boeing-767,Russell,Brown,MTk5Mi0xMS0xNA==
U2999,JFK,MSP,2019-08-08,9,268.46,211,Airbus-A330,Phil,Fury,MTk4Ni0xMS0wOA==
T3231,LAX,CLT,2019-12-07,10,450.34,225,Boeing-787,Phil,Fury,MTk4Ni0xMS0wOA==
K2295,ATL,MIA,2020-02-07,2,273.01,194,Boeing-767,Robert,Greene,MTk5MS0xMS0wOQ==
T3231,ATL,EWR,2020-03-22,6,324.0,225,Boeing-787,Robert,Greene,MTk5MS0xMS0wOQ==
U2808,ORD,CLT,2020-01-11,9,151.94,75,Airbus-A380,Phil,Fury,MTk4Ni0xMS0wOA==
U2698,LAS,PHX,2019-06-27,7,328.75,122,Boeing-787,Emily,Anderson,MTk5My0wMy0yMA==
X2978,SEA,MIA,2019-08-06,5,170.64,59,Boeing-777,Russell,Brown,MTk5Mi0xMS0xNA==
X2978,DFW,CLT,2019-09-09,1,421.74,59,Boeing-777,Russell,Brown,MTk5Mi0xMS0xNA==
N3093,DEN,IAH,2019-10-28,1,247.75,85,Airbus-A340,Phil,Fury,MTk4Ni0xMS0wOA==
O2858,ATL,CLT,2019-06-05,6,386.12,89,Boeing-777,Emily,Anderson,MTk5My0wMy0yMA==
N2413,MCO,EWR,2019-08-15,1,365.58,74,Airbus-A350,Emily,Anderson,MTk5My0wMy0yMA==
V3243,LAS,PHL,2019-09-06,4,495.06,114,Boeing-747,Russell,Brown,MTk5Mi0xMS0xNA==
R2942,LAS,PHX,2019-05-14,4,375.85,204,Boeing-767,Robert,Greene,MTk5MS0xMS0wOQ==
X2978,LAX,CLT,2020-01-03,7,473.98,59,Boeing-777,Emily,Anderson,MTk5My0wMy0yMA==
K2295,DFW,FLL,2019-07-06,10,489.88,194,Boeing-767,Robert,Greene,MTk5MS0xMS0wOQ==
U2999,MCO,IAH,2019-05-04,5,59.07,211,Airbus-A330,Phil,Fury,MTk4Ni0xMS0wOA==
U2698,SFO,PHX,2020-03-12,4,219.96,122,Boeing-787,Phil,Fury,MTk4Ni0xMS0wOA==
N2355,ORD,CLT,2019-11-15,3,226.79,67,Boeing-777,Phil,Fury,MTk4Ni0xMS0wOA==
O2806,MCO,CLT,2019-06-10,3,445.29,133,Airbus-A350,Phil,Fury,MTk4Ni0xMS0wOA==
R2942,JFK,EWR,2020-02-25,7,202.22,204,Boeing-767,Phil,Fury,MTk4Ni0xMS0wOA==
O2806,ATL,PHL,2019-09-27,1,53.08,133,Airbus-A350,Robert,Greene,MTk5MS0xMS0wOQ==
D2204,DFW,DTW,2020-01-11,2,326.96,23,Boeing-787,Emily,Anderson,MTk5My0wMy0yMA==
T3231,MCO,DTW,2019-07-05,1,177.27,225,Boeing-787,Russell,Brown,MTk5Mi0xMS0xNA==
V2774,SEA,IAH,2019-06-30,4,363.61,142,Boeing-747,Russell,Brown,MTk5Mi0xMS0xNA==
D3204,DEN,MIA,2020-04-07,1,338.62,29,Airbus-A380,Phil,Fury,MTk4Ni0xMS0wOA==
K2295,SFO,DTW,2019-12-21,5,391.89,194,Boeing-767,Russell,Brown,MTk5Mi0xMS0xNA==
N2413,LAS,CLT,2019-07-28,4,68.99,74,Airbus-A350,Robert,Greene,MTk5MS0xMS0wOQ==
M2286,LAS,MIA,2019-12-09,6,88.91,174,Boeing-787,Phil,Fury,MTk4Ni0xMS0wOA==
R2942,SEA,DTW,2019-06-29,5,178.84,204,Boeing-767,Emily,Anderson,MTk5My0wMy0yMA==
N3093,MCO,BOS,2019-09-04,9,381.87,85,Airbus-A340,Emily,Anderson,MTk5My0wMy0yMA==
Q2705,MCO,IAH,2019-10-10,6,216.16,125,Boeing-777,Emily,Anderson,MTk5My0wMy0yMA==
D2204,ORD,DTW,2019-08-17,3,297.41,23,Boeing-787,Phil,Fury,MTk4Ni0xMS0wOA==
N2355,MCO,MIA,2020-03-17,2,172.47,67,Boeing-777,Emily,Anderson,MTk5My0wMy0yMA==
U2808,SEA,IAH,2019-07-09,10,266.04,75,Airbus-A380,Emily,Anderson,MTk5My0wMy0yMA==
N2413,SFO,BOS,2019-12-16,2,196.48,74,Airbus-A350,Robert,Greene,MTk5MS0xMS0wOQ==
M2286,ATL,PHX,2019-07-20,10,61.84,174,Boeing-787,Russell,Brown,MTk5Mi0xMS0xNA==
Z2791,ORD,PHL,2019-07-02,7,143.23,46,Boeing-787,Emily,Anderson,MTk5My0wMy0yMA==
D2204,DEN,MSP,2019-08-22,8,284.06,23,Boeing-787,Robert,Greene,MTk5MS0xMS0wOQ==
D3204,SEA,MSP,2020-04-07,6,71.42,29,Airbus-A380,Phil,Fury,MTk4Ni0xMS0wOA==
O2858,LAS,CLT,2019-10-10,3,426.67,89,Boeing-777,Phil,Fury,MTk4Ni0xMS0wOA==
D3204,ATL,PHL,2020-03-16,7,223.85,29,Airbus-A380,Russell,Brown,MTk5Mi0xMS0xNA==
V2774,SEA,CLT,2020-02-16,6,451.96,142,Boeing-747,Russell,Brown,MTk5Mi0xMS0xNA==
M2286,LAS,CLT,2019-08-14,1,301.87,174,Boeing-787,Phil,Fury,MTk4Ni0xMS0wOA==
Z2791,ATL,PHL,2020-03-08,7,434.29,46,Boeing-787,Robert,Greene,MTk5MS0xMS0wOQ==
U2999,LAS,PHL,2019-12-20,7,412.98,211,Airbus-A330,Emily,Anderson,MTk5My0wMy0yMA==
R3228,MCO,CLT,2020-03-24,5,427.66,62,Boeing-787,Russell,Brown,MTk5Mi0xMS0xNA==
U2999,ATL,MIA,2019-12-30,1,347.07,211,Airbus-A330,Robert,Greene,MTk5MS0xMS0wOQ==
Q2705,ATL,DTW,2019-08-07,5,350.31,125,Boeing-777,Emily,Anderson,MTk5My0wMy0yMA==
U2698,SFO,EWR,2019-12-10,8,356.35,122,Boeing-787,Emily,Anderson,MTk5My0wMy0yMA==
U2698,MCO,MIA,2019-08-01,8,208.12,122,Boeing-787,Robert,Greene,MTk5MS0xMS0wOQ==
D2204,ATL,MSP,2019-08-03,7,260.59,23,Boeing-787,Robert,Greene,MTk5MS0xMS0wOQ==
R2942,DEN,BOS,2019-12-10,8,61.71,204,Boeing-767,Emily,Anderson,MTk5My0wMy0yMA==
T3231,SEA,BOS,2019-05-13,1,192.92,225,Boeing-787,Emily,Anderson,MTk5My0wMy0yMA==
O2806,LAX,PHL,2019-06-30,3,315.4,133,Airbus-A350,Russell,Brown,MTk5Mi0xMS0xNA==
N2413,LAX,FLL,2019-12-10,10,156.12,74,Airbus-A350,Russell,Brown,MTk5Mi0xMS0xNA==
Q2705,LAS,BOS,2019-12-24,10,497.88,125,Boeing-777,Robert,Greene,MTk5MS0xMS0wOQ==
M2286,ATL,BOS,2020-02-29,2,378.74,174,Boeing-787,Emily,Anderson,MTk5My0wMy0yMA==
O2858,SEA,FLL,2020-01-20,1,421.52,89,Boeing-777,Emily,Anderson,MTk5My0wMy0yMA==
N3093,ORD,FLL,2019-05-06,3,157.41,85,Airbus-A340,Russell,Brown,MTk5Mi0xMS0xNA==
O2858,LAS,DTW,2019-09-22,5,357.51,89,Boeing-777,Phil,Fury,MTk4Ni0xMS0wOA==
O2806,DEN,PHX,2019-06-01,6,93.83,133,Airbus-A350,Robert,Greene,MTk5MS0xMS0wOQ==
U2698,DFW,FLL,2019-07-14,9,61.24,122,Boeing-787,Phil,Fury,MTk4Ni0xMS0wOA==
M2286,MCO,MSP,2019-11-01,1,169.06,174,Boeing-787,Emily,Anderson,MTk5My0wMy0yMA==
T3231,SFO,CLT,2019-06-11,10,306.32,225,Boeing-787,Phil,Fury,MTk4Ni0xMS0wOA==
D3204,SEA,EWR,2020-01-29,7,230.14,29,Airbus-A380,Phil,Fury,MTk4Ni0xMS0wOA==
X2978,ATL,MSP,2019-09-08,1,378.24,59,Boeing-777,Emily,Anderson,MTk5My0wMy0yMA==
N2355,LAX,IAH,2019-09-30,3,271.44,67,Boeing-777,Phil,Fury,MTk4Ni0xMS0wOA==
Z2791,ATL,PHX,2019-09-06,2,432.79,46,Boeing-787,Robert,Greene,MTk5MS0xMS0wOQ==
T3231,DFW,MSP,2019-07-22,1,395.46,225,Boeing-787,Russell,Brown,MTk5Mi0xMS0xNA==
U2999,DEN,EWR,2020-04-07,8,330.53,211,Airbus-A330,Robert,Greene,MTk5MS0xMS0wOQ==
U2698,SFO,MSP,2020-03-09,3,168.92,122,Boeing-787,Russell,Brown,MTk5Mi0xMS0xNA==
N2413,SEA,MSP,2019-07-17,5,248.97,74,Airbus-A350,Robert,Greene,MTk5MS0xMS0wOQ==
Q2705,DFW,MSP,2019-07-07,3,88.15,125,Boeing-777,Phil,Fury,MTk4Ni0xMS0wOA==
R2942,ORD,FLL,2019-07-25,3,240.82,204,Boeing-767,Robert,Greene,MTk5MS0xMS0wOQ==
O2858,SFO,BOS,2019-11-17,9,433.59,89,Boeing-777,Phil,Fury,MTk4Ni0xMS0wOA==
O2858,SFO,CLT,2019-12-04,7,291.46,89,Boeing-777,Russell,Brown,MTk5Mi0xMS0xNA==
N2413,SFO,IAH,2020-03-26,10,143.12,74,Airbus-A350,Russell,Brown,MTk5Mi0xMS0xNA==
V2774,DFW,IAH,2020-03-17,6,108.41,142,Boeing-747,Russell,Brown,MTk5Mi0xMS0xNA==
R3228,DEN,DTW,2019-08-31,5,53.61,62,Boeing-787,Phil,Fury,MTk4Ni0xMS0wOA==
D2204,LAS,PHX,2019-10-12,5,228.02,23,Boeing-787,Phil,Fury,MTk4Ni0xMS0wOA==
R3228,SFO,PHL,2019-11-01,5,348.44,62,Boeing-787,Russell,Brown,MTk5Mi0xMS0xNA==
V2774,LAX,CLT,2019-10-31,5,135.24,142,Boeing-747,Robert,Greene,MTk5MS0xMS0wOQ==
V2774,LAX,PHL,2019-12-29,2,482.82,142,Boeing-747,Robert,Greene,MTk5MS0xMS0wOQ==
R3228,DFW,MSP,2020-01-04,10,254.42,62,Boeing-787,Robert,Greene,MTk5MS0xMS0wOQ==
M2286,ORD,BOS,2019-10-31,8,422.09,174,Boeing-787,Emily,Anderson,MTk5My0wMy0yMA==
O2858,SFO,EWR,2019-12-02,2,379.24,89,Boeing-777,Emily,Anderson,MTk5My0wMy0yMA==
V2774,DEN,PHL,2020-03-29,1,68.56,142,Boeing-747,Phil,Fury,MTk4Ni0xMS0wOA==
Q2705,DFW,FLL,2020-01-23,4,314.32,125,Boeing-777,Russell,Brown,MTk5Mi0xMS0xNA==
Z2791,LAX,DTW,2019-12-11,5,491.72,46,Boeing-787,Phil,Fury,MTk4Ni0xMS0wOA==
O2858,LAS,EWR,2019-12-18,8,150.23,89,Boeing-777,Russell,Brown,MTk5Mi0xMS0xNA==
U2808,ATL,MSP,2019-08-13,6,285.2,75,Airbus-A380,Robert,Greene,MTk5MS0xMS0wOQ==
X2978,MCO,IAH,2019-09-28,6,165.94,59,Boeing-777,Phil,Fury,MTk4Ni0xMS0wOA==
N2355,SFO,FLL,2020-03-13,10,161.58,67,Boeing-777,Russell,Brown,MTk5Mi0xMS0xNA==
X2978,LAS,BOS,2019-05-14,10,330.45,59,Boeing-777,Robert,Greene,MTk5MS0xMS0wOQ==
N2355,DFW,PHX,2019-05-11,10,230.61,67,Boeing-777,Emily,Anderson,MTk5My0wMy0yMA==
V3243,JFK,CLT,2019-10-03,10,83.77,114,Boeing-747,Russell,Brown,MTk5Mi0xMS0xNA==
R3228,DEN,IAH,2019-08-09,6,140.77,62,Boeing-787,Phil,Fury,MTk4Ni0xMS0wOA==
N2413,JFK,MIA,2019-07-21,1,305.12,74,Airbus-A350,Robert,Greene,MTk5MS0xMS0wOQ==
N3093,JFK,MSP,2019-08-20,1,339.06,85,Airbus-A340,Russell,Brown,MTk5Mi0xMS0xNA==
N2413,DFW,DTW,2019-12-02,7,129.6,74,Airbus-A350,Emily,Anderson,MTk5My0wMy0yMA==
V2774,ATL,EWR,2019-08-02,1,124.94,142,Boeing-747,Robert,Greene,MTk5MS0xMS0wOQ==
U2999,SEA,IAH,2020-03-01,2,294.93,211,Airbus-A330,Emily,Anderson,MTk5My0wMy0yMA==
M2286,MCO,MSP,2019-10-23,9,115.33,174,Boeing-787,Phil,Fury,MTk4Ni0xMS0wOA==
Q2705,MCO,MIA,2019-08-12,10,290.4,125,Boeing-777,Robert,Greene,MTk5MS0xMS0wOQ==
D3204,JFK,MIA,2019-06-13,4,246.33,29,Airbus-A380,Robert,Greene,MTk5MS0xMS0wOQ==
M2286,DEN,MSP,2019-11-21,8,336.24,174,Boeing-787,Emily,Anderson,MTk5My0wMy0yMA==
O2806,SFO,IAH,2019-10-23,5,267.35,133,Airbus-A350,Emily,Anderson,MTk5My0wMy0yMA==
V3243,MCO,PHL,2019-05-30,6,329.61,114,Boeing-747,Phil,Fury,MTk4Ni0xMS0wOA==
V3243,SFO,MIA,2019-10-10,7,250.19,114,Boeing-747,Phil,Fury,MTk4Ni0xMS0wOA==
N3093,ORD,PHX,2019-07-06,7,259.09,85,Airbus-A340,Emily,Anderson,MTk5My0wMy0yMA==
X2978,ATL,PHL,2019-06-12,3,227.37,59,Boeing-777,Russell,Brown,MTk5Mi0xMS0xNA==
Z2791,DEN,IAH,2020-02-18,2,112.29,46,Boeing-787,Robert,Greene,MTk5MS0xMS0wOQ==
N2355,LAS,DTW,2019-10-20,1,334.92,67,Boeing-777,Phil,Fury,MTk4Ni0xMS0wOA==
N3093,SFO,DTW,2020-02-21,3,404.55,85,Airbus-A340,Emily,Anderson,MTk5My0wMy0yMA==
U2698,LAS,FLL,2019-11-13,4,308.28,122,Boeing-787,Robert,Greene,MTk5MS0xMS0wOQ==
R3228,DEN,PHL,2019-07-23,7,119.39,62,Boeing-787,Emily,Anderson,MTk5My0wMy0yMA==
O2806,SEA,FLL,2019-11-28,6,272.77,133,Airbus-A350,Robert,Greene,MTk5MS0xMS0wOQ==
T3231,MCO,BOS,2019-09-03,5,361.19,225,Boeing-787,Emily,Anderson,MTk5My0wMy0yMA==
K2295,ATL,BOS,2019-09-17,7,344.89,194,Boeing-767,Phil,Fury,MTk4Ni0xMS0wOA==
R2942,LAS,IAH,2019-05-12,9,373.61,204,Boeing-767,Phil,Fury,MTk4Ni0xMS0wOA==
U2999,LAS,IAH,2019-06-30,3,156.35,211,Airbus-A330,Emily,Anderson,MTk5My0wMy0yMA==
R3228,JFK,MIA,2019-07-29,1,248.53,62,Boeing-787,Emily,Anderson,MTk5My0wMy0yMA==
U2698,ORD,FLL,2020-03-19,1,307.17,122,Boeing-787,Emily,Anderson,MTk5My0wMy0yMA==
Z2791,DEN,DTW,2020-04-23,2,239.6,46,Boeing-787,Robert,Greene,MTk5MS0xMS0wOQ==
O2858,ORD,DTW,2019-12-23,10,478.85,89,Boeing-777,Russell,Brown,MTk5Mi0xMS0xNA==
O2858,ORD,BOS,2020-03-17,5,319.92,89,Boeing-777,Russell,Brown,MTk5Mi0xMS0xNA==
O2858,MCO,MSP,2020-01-22,6,408.43,89,Boeing-777,Emily,Anderson,MTk5My0wMy0yMA==
K2295,DFW,MIA,2019-07-13,8,446.28,194,Boeing-767,Emily,Anderson,MTk5My0wMy0yMA==
N2355,DEN,MIA,2019-05-18,9,76.96,67,Boeing-777,Russell,Brown,MTk5Mi0xMS0xNA==
X2978,SEA,MIA,2019-06-26,8,99.09,59,Boeing-777,Phil,Fury,MTk4Ni0xMS0wOA==
X2978,DFW,EWR,2019-10-21,4,204.7,59,Boeing-777,Russell,Brown,MTk5Mi0xMS0xNA==
N2413,SEA,EWR,2020-01-23,7,197.82,74,Airbus-A350,Russell,Brown,MTk5Mi0xMS0xNA==
T3231,MCO,MIA,2020-04-18,3,291.86,225,Boeing-787,Emily,Anderson,MTk5My0wMy0yMA==
D3204,MCO,EWR,2020-01-25,4,351.01,29,Airbus-A380,Robert,Greene,MTk5MS0xMS0wOQ==
U2808,ORD,PHX,2019-08-17,9,482.98,75,Airbus-A380,Phil,Fury,MTk4Ni0xMS0wOA==
D3204,SEA,MIA,2020-02-19,6,262.95,29,Airbus-A380,Emily,Anderson,MTk5My0wMy0yMA==
V2774,DEN,MSP,2019-09-24,4,52.61,142,Boeing-747,Phil,Fury,MTk4Ni0xMS0wOA==
U2808,MCO,DTW,2019-11-30,4,276.87,75,Airbus-A380,Robert,Greene,MTk5MS0xMS0wOQ==
N2413,DFW,IAH,2019-09-12,7,459.26,74,Airbus-A350,Phil,Fury,MTk4Ni0xMS0wOA==
R2942,LAX,DTW,2019-05-05,10,143.86,204,Boeing-767,Phil,Fury,MTk4Ni0xMS0wOA==
U2808,JFK,DTW,2019-09-06,6,68.44,75,Airbus-A380,Russell,Brown,MTk5Mi0xMS0xNA==
U2698,ATL,FLL,2019-06-23,1,255.81,122,Boeing-787,Russell,Brown,MTk5Mi0xMS0xNA==
R2942,SFO,PHX,2019-05-14,8,363.34,204,Boeing-767,Robert,Greene,MTk5MS0xMS0wOQ==
U2698,LAS,MIA,2020-04-06,7,146.55,122,Boeing-787,Phil,Fury,MTk4Ni0xMS0wOA==
U2698,JFK,MSP,2019-06-24,1,426.76,122,Boeing-787,Emily,Anderson,MTk5My0wMy0yMA==
U2999,LAS,EWR,2020-01-21,3,424.33,211,Airbus-A330,Russell,Brown,MTk5Mi0xMS0xNA==
U2808,JFK,BOS,2019-12-29,1,304.85,75,Airbus-A380,Robert,Greene,MTk5MS0xMS0wOQ==
N2413,LAX,BOS,2020-04-03,4,485.33,74,Airbus-A350,Phil,Fury,MTk4Ni0xMS0wOA==
D2204,DFW,PHX,2020-02-26,10,484.83,23,Boeing-787,Phil,Fury,MTk4Ni0xMS0wOA==
O2858,SEA,PHX,2019-05-10,4,58.75,89,Boeing-777,Russell,Brown,MTk5Mi0xMS0xNA==
Z2791,LAX,MIA,2019-08-28,7,120.71,46,Boeing-787,Emily,Anderson,MTk5My0wMy0yMA==
O2806,ORD,BOS,2019-09-09,8,356.39,133,Airbus-A350,Russell,Brown,MTk5Mi0xMS0xNA==
Z2791,ORD,PHX,2019-07-04,4,143.33,46,Boeing-787,Emily,Anderson,MTk5My0wMy0yMA==
T3231,ORD,CLT,2019-12-29,9,468.18,225,Boeing-787,Emily,Anderson,MTk5My0wMy0yMA==
M2286,SEA,BOS,2019-07-28,6,490.38,174,Boeing-787,Russell,Brown,MTk5Mi0xMS0xNA==
V3243,LAX,BOS,2020-01-22,9,99.81,114,Boeing-747,Robert,Greene,MTk5MS0xMS0wOQ==
Q2705,ORD,DTW,2019-11-15,10,157.68,125,Boeing-777,Robert,Greene,MTk5MS0xMS0wOQ==
T3231,LAS,FLL,2019-09-11,6,387.77,225,Boeing-787,Russell,Brown,MTk5Mi0xMS0xNA==
Z2791,DFW,BOS,2019-12-23,9,124.28,46,Boeing-787,Russell,Brown,MTk5Mi0xMS0xNA==
M2286,JFK,MIA,2019-11-15,4,412.95,174,Boeing-787,Phil,Fury,MTk4Ni0xMS0wOA==
X2978,DEN,EWR,2019-11-02,8,77.43,59,Boeing-777,Russell,Brown,MTk5Mi0xMS0xNA==
U2808,ATL,DTW,2019-09-07,8,277.88,75,Airbus-A380,Phil,Fury,MTk4Ni0xMS0wOA==
U2698,SFO,CLT,2020-03-03,8,439.64,122,Boeing-787,Emily,Anderson,MTk5My0wMy0yMA==
U2698,MCO,EWR,2019-05-09,7,382.31,122,Boeing-787,Phil,Fury,MTk4Ni0xMS0wOA==
Q2705,SEA,CLT,2019-05-24,2,132.94,125,Boeing-777,Robert,Greene,MTk5MS0xMS0wOQ==
O2858,LAS,CLT,2020-01-22,5,257.38,89,Boeing-777,Russell,Brown,MTk5Mi0xMS0xNA==
N2413,LAS,DTW,2019-10-21,6,359.01,74,Airbus-A350,Robert,Greene,MTk5MS0xMS0wOQ==
U2698,SEA,FLL,2019-12-21,3,153.82,122,Boeing-787,Robert,Greene,MTk5MS0xMS0wOQ==
X2978,SFO,FLL,2019-08-02,1,468.54,59,Boeing-777,Russell,Brown,MTk5Mi0xMS0xNA==
N2413,DEN,FLL,2019-06-14,3,405.54,74,Airbus-A350,Emily,Anderson,MTk5My0wMy0yMA==
O2806,MCO,MIA,2020-04-08,8,494.4,133,Airbus-A350,Robert,Greene,MTk5MS0xMS0wOQ==
D3204,MCO,FLL,2020-03-20,3,413.04,29,Airbus-A380,Robert,Greene,MTk5MS0xMS0wOQ==
D3204,ORD,CLT,2019-07-10,1,444.74,29,Airbus-A380,Robert,Greene,MTk5MS0xMS0wOQ==
O2858,LAX,BOS,2019-12-25,3,179.82,89,Boeing-777,Robert,Greene,MTk5MS0xMS0wOQ==
X2978,JFK,CLT,2020-01-31,9,346.36,59,Boeing-777,Emily,Anderson,MTk5My0wMy0yMA==
N2355,ATL,MSP,2019-08-20,6,449.76,67,Boeing-777,Robert,Greene,MTk5MS0xMS0wOQ==
X2978,SFO,BOS,2019-04-26,8,136.34,59,Boeing-777,Emily,Anderson,MTk5My0wMy0yMA==
K2295,MCO,DTW,2019-07-17,6,406.73,194,Boeing-767,Phil,Fury,MTk4Ni0xMS0wOA==
V2774,DEN,PHL,2020-02-13,3,426.4,142,Boeing-747,Emily,Anderson,MTk5My0wMy0yMA==
U2999,DEN,EWR,2019-09-20,7,88.91,211,Airbus-A330,Emily,Anderson,MTk5My0wMy0yMA==
O2858,DFW,IAH,2020-02-24,3,323.47,89,Boeing-777,Phil,Fury,MTk4Ni0xMS0wOA==
T3231,LAS,PHX,2019-05-23,2,321.44,225,Boeing-787,Russell,Brown,MTk5Mi0xMS0xNA==
U2999,LAX,DTW,2019-05-18,1,330.54,211,Airbus-A330,Russell,Brown,MTk5Mi0xMS0xNA==
U2808,LAS,PHL,2020-03-25,8,216.95,75,Airbus-A380,Phil,Fury,MTk4Ni0xMS0wOA==
Q2705,DFW,FLL,2019-12-05,2,99.97,125,Boeing-777,Russell,Brown,MTk5Mi0xMS0xNA==
K2295,JFK,MIA,2019-10-21,4,123.04,194,Boeing-767,Emily,Anderson,MTk5My0wMy0yMA==
O2806,DFW,PHL,2019-12-13,6,466.07,133,Airbus-A350,Emily,Anderson,MTk5My0wMy0yMA==
X2978,MCO,PHL,2019-12-25,7,69.68,59,Boeing-777,Phil,Fury,MTk4Ni0xMS0wOA==
R3228,ORD,PHL,2019-11-19,1,141.59,62,Boeing-787,Phil,Fury,MTk4Ni0xMS0wOA==
T3231,DFW,PHL,2019-06-26,7,280.33,225,Boeing-787,Phil,Fury,MTk4Ni0xMS0wOA==
V2774,MCO,PHX,2020-04-24,5,50.33,142,Boeing-747,Russell,Brown,MTk5Mi0xMS0xNA==
K2295,LAS,PHX,2019-11-28,2,255.01,194,Boeing-767,Emily,Anderson,MTk5My0wMy0yMA==
U2808,LAS,MIA,2019-05-18,10,458.34,75,Airbus-A380,Emily,Anderson,MTk5My0wMy0yMA==
R3228,LAS,FLL,2020-03-20,2,405.48,62,Boeing-787,Robert,Greene,MTk5MS0xMS0wOQ==
X2978,SEA,FLL,2019-07-18,9,107.36,59,Boeing-777,Russell,Brown,MTk5Mi0xMS0xNA==
T3231,SEA,BOS,2019-06-19,4,383.44,225,Boeing-787,Russell,Brown,MTk5Mi0xMS0xNA==
D2204,MCO,PHX,2020-03-20,8,345.3,23,Boeing-787,Robert,Greene,MTk5MS0xMS0wOQ==
X2978,DFW,EWR,2020-04-16,9,306.68,59,Boeing-777,Emily,Anderson,MTk5My0wMy0yMA==
Z2791,LAS,PHL,2019-10-14,2,110.34,46,Boeing-787,Robert,Greene,MTk5MS0xMS0wOQ==
O2858,JFK,MIA,2020-03-06,7,481.47,89,Boeing-777,Emily,Anderson,MTk5My0wMy0yMA==
U2999,SEA,IAH,2019-07-21,10,424.98,211,Airbus-A330,Phil,Fury,MTk4Ni0xMS0wOA==
R3228,ATL,PHX,2019-09-28,4,370.72,62,Boeing-787,Russell,Brown,MTk5Mi0xMS0xNA==
O2806,JFK,MIA,2020-02-12,5,295.8,133,Airbus-A350,Robert,Greene,MTk5MS0xMS0wOQ==
D2204,LAX,PHX,2019-08-18,4,421.0,23,Boeing-787,Emily,Anderson,MTk5My0wMy0yMA==
M2286,SFO,CLT,2019-09-21,7,77.69,174,Boeing-787,Russell,Brown,MTk5Mi0xMS0xNA==
V2774,SEA,FLL,2020-01-29,8,162.7,142,Boeing-747,Emily,Anderson,MTk5My0wMy0yMA==
X2978,LAS,CLT,2020-04-01,10,293.42,59,Boeing-777,Phil,Fury,MTk4Ni0xMS0wOA==
Q2705,MCO,FLL,2019-05-06,1,499.62,125,Boeing-777,Russell,Brown,MTk5Mi0xMS0xNA==
O2858,DEN,IAH,2019-09-10,10,57.18,89,Boeing-777,Robert,Greene,MTk5MS0xMS0wOQ==
U2999,JFK,IAH,2019-12-29,4,405.9,211,Airbus-A330,Emily,Anderson,MTk5My0wMy0yMA==
M2286,DEN,DTW,2019-07-02,6,291.96,174,Boeing-787,Russell,Brown,MTk5Mi0xMS0xNA==
K2295,ATL,PHX,2020-03-19,1,351.74,194,Boeing-767,Russell,Brown,MTk5Mi0xMS0xNA==
V3243,DFW,DTW,2020-03-29,4,269.41,114,Boeing-747,Robert,Greene,MTk5MS0xMS0wOQ==
T3231,ORD,MSP,2019-11-05,1,435.32,225,Boeing-787,Emily,Anderson,MTk5My0wMy0yMA==
X2978,LAX,FLL,2020-03-01,8,327.05,59,Boeing-777,Phil,Fury,MTk4Ni0xMS0wOA==
V2774,JFK,PHX,2019-06-29,2,279.92,142,Boeing-747,Emily,Anderson,MTk5My0wMy0yMA==
Z2791,ORD,FLL,2019-05-07,9,89.11,46,Boeing-787,Emily,Anderson,MTk5My0wMy0yMA==
Z2791,SFO,IAH,2019-08-26,8,315.94,46,Boeing-787,Robert,Greene,MTk5MS0xMS0wOQ==
M2286,DEN,PHX,2019-09-28,2,354.74,174,Boeing-787,Emily,Anderson,MTk5My0wMy0yMA==
D2204,JFK,MSP,2019-09-29,1,465.51,23,Boeing-787,Emily,Anderson,MTk5My0wMy0yMA==
R3228,DEN,FLL,2019-09-15,6,168.51,62,Boeing-787,Emily,Anderson,MTk5My0wMy0yMA==
Z2791,DFW,MIA,2019-08-16,9,185.16,46,Boeing-787,Phil,Fury,MTk4Ni0xMS0wOA==
N3093,MCO,BOS,2019-07-17,3,162.99,85,Airbus-A340,Russell,Brown,MTk5Mi0xMS0xNA==
T3231,SEA,EWR,2020-01-01,8,145.89,225,Boeing-787,Russell,Brown,MTk5Mi0xMS0xNA==
N2355,SEA,IAH,2019-11-02,8,128.71,67,Boeing-777,Phil,Fury,MTk4Ni0xMS0wOA==
R2942,LAX,MIA,2019-10-22,10,212.17,204,Boeing-767,Emily,Anderson,MTk5My0wMy0yMA==
R3228,ATL,MSP,2019-12-26,3,278.3,62,Boeing-787,Russell,Brown,MTk5Mi0xMS0xNA==
V3243,DFW,EWR,2019-12-03,8,483.63,114,Boeing-747,Emily,Anderson,MTk5My0wMy0yMA==
X2978,ATL,MSP,2019-08-19,1,192.78,59,Boeing-777,Robert,Greene,MTk5MS0xMS0wOQ==
N2355,ATL,PHL,2019-11-23,3,263.53,67,Boeing-777,Russell,Brown,MTk5Mi0xMS0xNA==
X2978,LAS,MSP,2019-06-10,3,77.73,59,Boeing-777,Robert,Greene,MTk5MS0xMS0wOQ==
V3243,DEN,PHX,2019-06-10,1,338.15,114,Boeing-747,Phil,Fury,MTk4Ni0xMS0wOA==
U2698,LAS,FLL,2019-09-17,8,345.4,122,Boeing-787,Russell,Brown,MTk5Mi0xMS0xNA==
V2774,ORD,CLT,2020-01-31,10,423.37,142,Boeing-747,Emily,Anderson,MTk5My0wMy0yMA==
V2774,SFO,MIA,2019-11-23,7,237.31,142,Boeing-747,Emily,Anderson,MTk5My0wMy0yMA==
T3231,DEN,DTW,2019-12-29,7,329.87,225,Boeing-787,Phil,Fury,MTk4Ni0xMS0wOA==
N2355,LAX,PHX,2019-12-10,3,248.69,67,Boeing-777,Russell,Brown,MTk5Mi0xMS0xNA==
D3204,ORD,PHL,2019-07-16,3,358.59,29,Airbus-A380,Phil,Fury,MTk4Ni0xMS0wOA==
N2413,JFK,BOS,2020-03-25,3,364.56,74,Airbus-A350,Russell,Brown,MTk5Mi0xMS0xNA==
D2204,ATL,MIA,2020-03-06,9,107.08,23,Boeing-787,Russell,Brown,MTk5Mi0xMS0xNA==
R2942,ATL,MIA,2019-09-02,5,346.36,204,Boeing-767,Emily,Anderson,MTk5My0wMy0yMA==
V3243,ATL,BOS,2019-05-28,1,248.97,114,Boeing-747,Emily,Anderson,MTk5My0wMy0yMA==
N2355,LAX,EWR,2020-04-04,9,88.66,67,Boeing-777,Phil,Fury,MTk4Ni0xMS0wOA==
Q2705,JFK,BOS,2020-04-08,4,247.9,125,Boeing-777,Russell,Brown,MTk5Mi0xMS0xNA==
U2808,DEN,MSP,2019-10-18,5,324.95,75,Airbus-A380,Robert,Greene,MTk5MS0xMS0wOQ==
K2295,ATL,PHL,2019-09-02,6,106.29,194,Boeing-767,Phil,Fury,MTk4Ni0xMS0wOA==
D3204,ATL,BOS,2019-10-14,7,254.64,29,Airbus-A380,Emily,Anderson,MTk5My0wMy0yMA==
M2286,SFO,PHL,2019-09-13,3,498.21,174,Boeing-787,Robert,Greene,MTk5MS0xMS0wOQ==
N2355,SEA,DTW,2020-01-13,1,347.89,67,Boeing-777,Russell,Brown,MTk5Mi0xMS0xNA==
R2942,LAX,PHX,2019-06-14,4,496.18,204,Boeing-767,Robert,Greene,MTk5MS0xMS0wOQ==
D3204,SFO,FLL,2019-07-02,1,303.68,29,Airbus-A380,Phil,Fury,MTk4Ni0xMS0wOA==
N2413,ORD,EWR,2020-03-01,8,287.43,74,Airbus-A350,Emily,Anderson,MTk5My0wMy0yMA==
O2806,ATL,EWR,2019-10-31,9,445.75,133,Airbus-A350,Emily,Anderson,MTk5My0wMy0yMA==
V2774,LAX,PHX,2020-01-12,10,310.84,142,Boeing-747,Robert,Greene,MTk5MS0xMS0wOQ==
V3243,DEN,MIA,2019-06-24,10,494.05,114,Boeing-747,Russell,Brown,MTk5Mi0xMS0xNA==
X2978,JFK,PHL,2019-05-23,4,308.09,59,Boeing-777,Robert,Greene,MTk5MS0xMS0wOQ==
Z2791,ORD,IAH,2019-06-01,5,345.28,46,Boeing-787,Emily,Anderson,MTk5My0wMy0yMA==
M2286,LAS,BOS,2019-09-05,7,78.63,174,Boeing-787,Russell,Brown,MTk5Mi0xMS0xNA==
U2808,SFO,IAH,2019-05-26,10,146.71,75,Airbus-A380,Robert,Greene,MTk5MS0xMS0wOQ==
O2858,ORD,PHX,2020-01-10,4,152.72,89,Boeing-777,Phil,Fury,MTk4Ni0xMS0wOA==
U2698,LAX,PHL,2019-07-09,8,317.07,122,Boeing-787,Emily,Anderson,MTk5My0wMy0yMA==
V2774,LAS,MSP,2020-03-04,10,147.85,142,Boeing-747,Emily,Anderson,MTk5My0wMy0yMA==
V3243,SEA,BOS,2019-07-07,1,474.54,114,Boeing-747,Phil,Fury,MTk4Ni0xMS0wOA==
U2808,ORD,PHX,2019-10-03,6,82.86,75,Airbus-A380,Phil,Fury,MTk4Ni0xMS0wOA==
V2774,DFW,CLT,2019-05-25,5,53.26,142,Boeing-747,Phil,Fury,MTk4Ni0xMS0wOA==
O2806,SEA,DTW,2019-09-23,6,187.26,133,Airbus-A350,Emily,Anderson,MTk5My0wMy0yMA==
V3243,SFO,MIA,2019-12-09,10,304.32,114,Boeing-747,Robert,Greene,MTk5MS0xMS0wOQ==
U2999,JFK,IAH,2019-12-03,10,498.28,211,Airbus-A330,Phil,Fury,MTk4Ni0xMS0wOA==
V3243,SEA,MIA,2019-07-04,10,74.63,114,Boeing-747,Robert,Greene,MTk5MS0xMS0wOQ==
N2413,MCO,MSP,2020-01-15,2,316.11,74,Airbus-A350,Russell,Brown,MTk5Mi0xMS0xNA==
U2999,DFW,DTW,2020-02-02,9,110.92,211,Airbus-A330,Robert,Greene,MTk5MS0xMS0wOQ==
N2413,LAS,DTW,2019-05-30,2,357.77,74,Airbus-A350,Phil,Fury,MTk4Ni0xMS0wOA==
V2774,ATL,PHL,2019-11-02,5,206.09,142,Boeing-747,Russell,Brown,MTk5Mi0xMS0xNA==
O2858,DFW,DTW,2020-04-11,10,365.01,89,Boeing-777,Russell,Brown,MTk5Mi0xMS0xNA==
T3231,ORD,BOS,2019-08-05,7,218.59,225,Boeing-787,Phil,Fury,MTk4Ni0xMS0wOA==
V3243,SEA,PHL,2020-01-19,9,73.78,114,Boeing-747,Emily,Anderson,MTk5My0wMy0yMA==
N3093,ORD,EWR,2019-07-03,6,479.97,85,Airbus-A340,Phil,Fury,MTk4Ni0xMS0wOA==
U2808,DFW,MIA,2019-12-22,3,98.25,75,Airbus-A380,Russell,Brown,MTk5Mi0xMS0xNA==
V3243,SEA,FLL,2019-06-14,1,139.56,114,Boeing-747,Phil,Fury,MTk4Ni0xMS0wOA==
R2942,LAS,PHL,2020-01-30,6,113.41,204,Boeing-767,Emily,Anderson,MTk5My0wMy0yMA==
O2858,LAX,EWR,2019-06-03,10,284.13,89,Boeing-777,Phil,Fury,MTk4Ni0xMS0wOA==
K2295,JFK,IAH,2020-02-18,1,346.0,194,Boeing-767,Phil,Fury,MTk4Ni0xMS0wOA==
Q2705,MCO,CLT,2019-09-08,9,430.72,125,Boeing-777,Russell,Brown,MTk5Mi0xMS0xNA==
U2999,LAX,PHX,2020-02-27,3,58.35,211,Airbus-A330,Russell,Brown,MTk5Mi0xMS0xNA==
U2808,ATL,CLT,2019-10-22,3,84.51,75,Airbus-A380,Emily,Anderson,MTk5My0wMy0yMA==
O2806,ORD,MIA,2020-03-06,1,361.28,133,Airbus-A350,Robert,Greene,MTk5MS0xMS0wOQ==
Z2791,JFK,MSP,2019-05-19,7,65.3,46,Boeing-787,Phil,Fury,MTk4Ni0xMS0wOA==
U2698,MCO,MIA,2019-10-13,2,122.68,122,Boeing-787,Phil,Fury,MTk4Ni0xMS0wOA==
O2858,SFO,MIA,2019-05-14,10,59.01,89,Boeing-777,Russell,Brown,MTk5Mi0xMS0xNA==
Q2705,LAS,EWR,2019-09-08,8,169.85,125,Boeing-777,Emily,Anderson,MTk5My0wMy0yMA==
U2999,SEA,EWR,2020-04-05,7,111.39,211,Airbus-A330,Phil,Fury,MTk4Ni0xMS0wOA==
R3228,DEN,BOS,2020-02-05,3,67.46,62,Boeing-787,Phil,Fury,MTk4Ni0xMS0wOA==
R3228,DFW,BOS,2020-01-15,10,82.77,62,Boeing-787,Russell,Brown,MTk5Mi0xMS0xNA==
U2808,ORD,MSP,2019-05-24,4,146.54,75,Airbus-A380,Phil,Fury,MTk4Ni0xMS0wOA==
U2808,MCO,EWR,2019-11-16,10,246.97,75,Airbus-A380,Phil,Fury,MTk4Ni0xMS0wOA==
Q2705,ORD,CLT,2020-03-07,4,428.45,125,Boeing-777,Russell,Brown,MTk5Mi0xMS0xNA==
N2355,MCO,EWR,2019-09-06,4,225.8,67,Boeing-777,Emily,Anderson,MTk5My0wMy0yMA==
O2858,ORD,MIA,2020-01-21,3,252.12,89,Boeing-777,Robert,Greene,MTk5MS0xMS0wOQ==
T3231,DEN,EWR,2019-07-17,4,424.39,225,Boeing-787,Phil,Fury,MTk4Ni0xMS0wOA==
O2806,MCO,MSP,2019-09-15,10,165.01,133,Airbus-A350,Robert,Greene,MTk5MS0xMS0wOQ==
R3228,ATL,IAH,2019-11-29,1,293.58,62,Boeing-787,Emily,Anderson,MTk5My0wMy0yMA==
R2942,MCO,FLL,2020-04-10,2,173.77,204,Boeing-767,Russell,Brown,MTk5Mi0xMS0xNA==
D3204,LAS,PHL,2020-03-16,4,245.86,29,Airbus-A380,Phil,Fury,MTk4Ni0xMS0wOA==
R3228,DFW,MIA,2019-09-11,7,185.34,62,Boeing-787,Emily,Anderson,MTk5My0wMy0yMA==
X2978,SEA,BOS,2019-10-21,9,71.34,59,Boeing-777,Robert,Greene,MTk5MS0xMS0wOQ==
D3204,DFW,MIA,2019-06-20,9,240.66,29,Airbus-A380,Phil,Fury,MTk4Ni0xMS0wOA==
U2999,MCO,MSP,2019-10-25,5,484.11,211,Airbus-A330,Robert,Greene,MTk5MS0xMS0wOQ==
V2774,LAS,IAH,2020-03-25,9,381.94,142,Boeing-747,Phil,Fury,MTk4Ni0xMS0wOA==
U2698,ATL,DTW,2019-07-29,6,63.07,122,Boeing-787,Robert,Greene,MTk5MS0xMS0wOQ==
N3093,DFW,BOS,2019-09-01,3,371.8,85,Airbus-A340,Phil,Fury,MTk4Ni0xMS0wOA==
R2942,LAS,PHX,2019-12-04,2,91.75,204,Boeing-767,Phil,Fury,MTk4Ni0xMS0wOA==
R2942,JFK,EWR,2020-04-04,8,130.38,204,Boeing-767,Emily,Anderson,MTk5My0wMy0yMA==
O2858,SFO,PHL,2019-08-31,7,456.57,89,Boeing-777,Emily,Anderson,MTk5My0wMy0yMA==
D3204,DFW,BOS,2020-03-12,4,331.57,29,Airbus-A380,Russell,Brown,MTk5Mi0xMS0xNA==
U2808,ATL,PHL,2020-02-29,6,435.9,75,Airbus-A380,Emily,Anderson,MTk5My0wMy0yMA==
M2286,DFW,EWR,2019-10-13,5,470.23,174,Boeing-787,Emily,Anderson,MTk5My0wMy0yMA==
D3204,LAX,BOS,2020-01-23,2,405.86,29,Airbus-A380,Emily,Anderson,MTk5My0wMy0yMA==
U2698,ATL,MSP,2019-12-03,1,79.27,122,Boeing-787,Robert,Greene,MTk5MS0xMS0wOQ==
N2413,LAX,DTW,2019-09-22,6,163.87,74,Airbus-A350,Emily,Anderson,MTk5My0wMy0yMA==
K2295,JFK,CLT,2019-04-30,6,494.78,194,Boeing-767,Russell,Brown,MTk5Mi0xMS0xNA==
N3093,SFO,PHX,2019-10-15,4,73.85,85,Airbus-A340,Russell,Brown,MTk5Mi0xMS0xNA==
Q2705,LAS,MIA,2020-02-29,10,228.84,125,Boeing-777,Robert,Greene,MTk5MS0xMS0wOQ==
Q2705,ORD,MSP,2019-09-09,9,471.23,125,Boeing-777,Phil,Fury,MTk4Ni0xMS0wOA==
V3243,MCO,BOS,2020-01-18,5,464.81,114,Boeing-747,Phil,Fury,MTk4Ni0xMS0wOA==
V2774,DEN,IAH,2019-10-01,8,211.54,142,Boeing-747,Phil,Fury,MTk4Ni0xMS0wOA==
V2774,SFO,PHX,2019-05-25,5,221.56,142,Boeing-747,Robert,Greene,MTk5MS0xMS0wOQ==
O2806,ATL,PHX,2019-06-23,6,212.91,133,Airbus-A350,Robert,Greene,MTk5MS0xMS0wOQ==
R2942,ORD,BOS,2019-08-26,6,248.19,204,Boeing-767,Emily,Anderson,MTk5My0wMy0yMA==
Z2791,SEA,EWR,2019-05-18,9,384.36,46,Boeing-787,Russell,Brown,MTk5Mi0xMS0xNA==
O2806,SEA,DTW,2019-08-28,6,429.14,133,Airbus-A350,Russell,Brown,MTk5Mi0xMS0xNA==
O2858,DEN,PHX,2019-12-03,5,189.07,89,Boeing-777,Phil,Fury,MTk4Ni0xMS0wOA==
O2858,LAX,MSP,2020-02-09,6,203.66,89,Boeing-777,Russell,Brown,MTk5Mi0xMS0xNA==
V3243,MCO,EWR,2019-11-27,5,125.48,114,Boeing-747,Emily,Anderson,MTk5My0wMy0yMA==
Q2705,JFK,FLL,2020-04-05,4,217.22,125,Boeing-777,Robert,Greene,MTk5MS0xMS0wOQ==
D2204,LAS,MIA,2019-12-16,7,337.19,23,Boeing-787,Phil,Fury,MTk4Ni0xMS0wOA==
X2978,ATL,MIA,2019-11-11,7,436.44,59,Boeing-777,Russell,Brown,MTk5Mi0xMS0xNA==
D2204,MCO,BOS,2019-08-10,8,491.23,23,Boeing-787,Emily,Anderson,MTk5My0wMy0yMA==
V2774,DEN,CLT,2019-11-20,1,262.34,142,Boeing-747,Phil,Fury,MTk4Ni0xMS0wOA==
T3231,JFK,PHX,2019-08-01,10,284.44,225,Boeing-787,Emily,Anderson,MTk5My0wMy0yMA==
R2942,ATL,MSP,2019-04-27,7,178.05,204,Boeing-767,Russell,Brown,MTk5Mi0xMS0xNA==
N3093,SFO,MSP,2019-09-01,10,51.12,85,Airbus-A340,Phil,Fury,MTk4Ni0xMS0wOA==
V3243,SEA,PHX,2019-09-29,8,375.7,114,Boeing-747,Russell,Brown,MTk5Mi0xMS0xNA==
M2286,DEN,MSP,2019-10-15,4,352.42,174,Boeing-787,Russell,Brown,MTk5Mi0xMS0xNA==
U2999,JFK,PHX,2019-10-03,4,358.34,211,Airbus-A330,Emily,Anderson,MTk5My0wMy0yMA==
U2808,LAX,IAH,2020-02-28,2,308.59,75,Airbus-A380,Emily,Anderson,MTk5My0wMy0yMA==
V3243,DEN,CLT,2019-10-20,2,232.44,114,Boeing-747,Emily,Anderson,MTk5My0wMy0yMA==
Z2791,SFO,BOS,2019-12-04,1,157.13,46,Boeing-787,Phil,Fury,MTk4Ni0xMS0wOA==
O2806,SEA,PHL,2019-06-27,3,475.06,133,Airbus-A350,Robert,Greene,MTk5MS0xMS0wOQ==
O2806,ATL,MSP,2019-07-26,4,276.48,133,Airbus-A350,Emily,Anderson,MTk5My0wMy0yMA==
M2286,SEA,FLL,2019-12-21,2,418.74,174,Boeing-787,Emily,Anderson,MTk5My0wMy0yMA==
M2286,JFK,BOS,2019-11-23,2,294.02,174,Boeing-787,Robert,Greene,MTk5MS0xMS0wOQ==
U2999,JFK,FLL,2020-03-22,2,325.87,211,Airbus-A330,Robert,Greene,MTk5MS0xMS0wOQ==
T3231,ORD,EWR,2019-07-20,8,227.49,225,Boeing-787,Robert,Greene,MTk5MS0xMS0wOQ==
D3204,LAX,DTW,2020-02-16,7,466.61,29,Airbus-A380,Emily,Anderson,MTk5My0wMy0yMA==
T3231,SFO,PHL,2020-04-09,6,356.52,225,Boeing-787,Phil,Fury,MTk4Ni0xMS0wOA==
N3093,SEA,MIA,2019-10-09,10,477.02,85,Airbus-A340,Emily,Anderson,MTk5My0wMy0yMA==
U2698,SEA,PHX,2019-12-07,7,89.22,122,Boeing-787,Emily,Anderson,MTk5My0wMy0yMA==
D3204,DEN,PHL,2019-12-24,4,341.95,29,Airbus-A380,Phil,Fury,MTk4Ni0xMS0wOA==
O2858,ORD,PHL,2019-10-10,7,242.29,89,Boeing-777,Robert,Greene,MTk5MS0xMS0wOQ==
Z2791,DEN,MIA,2019-06-18,5,259.38,46,Boeing-787,Russell,Brown,MTk5Mi0xMS0xNA==
N2413,ATL,PHX,2019-06-21,2,334.59,74,Airbus-A350,Robert,Greene,MTk5MS0xMS0wOQ==
U2808,JFK,PHX,2019-08-24,5,421.97,75,Airbus-A380,Phil,Fury,MTk4Ni0xMS0wOA==
N3093,SFO,DTW,2020-03-01,2,412.59,85,Airbus-A340,Russell,Brown,MTk5Mi0xMS0xNA==
O2806,LAS,PHL,2020-03-19,1,118.85,133,Airbus-A350,Emily,Anderson,MTk5My0wMy0yMA==
N3093,LAS,MIA,2019-05-04,9,491.79,85,Airbus-A340,Phil,Fury,MTk4Ni0xMS0wOA==
T3231,ATL,MSP,2020-01-24,5,290.65,225,Boeing-787,Phil,Fury,MTk4Ni0xMS0wOA==
K2295,SEA,CLT,2019-05-15,2,174.07,194,Boeing-767,Robert,Greene,MTk5MS0xMS0wOQ==
Q2705,LAS,BOS,2019-11-15,10,152.15,125,Boeing-777,Emily,Anderson,MTk5My0wMy0yMA==
O2858,SFO,MIA,2019-09-05,2,461.59,89,Boeing-777,Robert,Greene,MTk5MS0xMS0wOQ==
Q2705,JFK,DTW,2019-08-16,3,179.31,125,Boeing-777,Robert,Greene,MTk5MS0xMS0wOQ==
U2698,SFO,BOS,2019-11-18,7,302.77,122,Boeing-787,Russell,Brown,MTk5Mi0xMS0xNA==
V3243,LAS,IAH,2020-04-07,3,433.89,114,Boeing-747,Emily,Anderson,MTk5My0wMy0yMA==
R3228,LAS,DTW,2019-10-03,2,152.92,62,Boeing-787,Emily,Anderson,MTk5My0wMy0yMA==
K2295,DFW,EWR,2020-03-08,7,449.49,194,Boeing-767,Russell,Brown,MTk5Mi0xMS0xNA==
M2286,DEN,BOS,2019-11-24,5,163.11,174,Boeing-787,Russell,Brown,MTk5Mi0xMS0xNA==
D3204,DEN,EWR,2019-05-06,2,76.31,29,Airbus-A380,Phil,Fury,MTk4Ni0xMS0wOA==
N2355,SEA,EWR,2020-04-21,9,256.45,67,Boeing-777,Russell,Brown,MTk5Mi0xMS0xNA==
N2413,DEN,EWR,2019-11-12,6,397.08,74,Airbus-A350,Robert,Greene,MTk5MS0xMS0wOQ==
N2355,JFK,DTW,2019-07-05,7,429.41,67,Boeing-777,Phil,Fury,MTk4Ni0xMS0wOA==
U2808,LAS,BOS,2020-02-27,7,277.45,75,Airbus-A380,Emily,Anderson,MTk5My0wMy0yMA==
V3243,ATL,EWR,2019-06-26,4,144.71,114,Boeing-747,Russell,Brown,MTk5Mi0xMS0xNA==
O2858,DFW,MSP,2019-06-17,8,64.43,89,Boeing-777,Emily,Anderson,MTk5My0wMy0yMA==
N3093,LAS,IAH,2019-05-23,10,288.28,85,Airbus-A340,Robert,Greene,MTk5MS0xMS0wOQ==
T3231,DEN,EWR,2019-08-02,2,366.94,225,Boeing-787,Phil,Fury,MTk4Ni0xMS0wOA==
U2808,DFW,DTW,2019-08-06,8,412.35,75,Airbus-A380,Phil,Fury,MTk4Ni0xMS0wOA==
V3243,MCO,BOS,2019-06-04,10,319.03,114,Boeing-747,Phil,Fury,MTk4Ni0xMS0wOA==
M2286,SEA,IAH,2019-10-03,9,433.16,174,Boeing-787,Phil,Fury,MTk4Ni0xMS0wOA==
V3243,MCO,MIA,2019-10-08,1,393.16,114,Boeing-747,Emily,Anderson,MTk5My0wMy0yMA==
Q2705,ORD,MSP,2019-12-14,10,255.6,125,Boeing-777,Emily,Anderson,MTk5My0wMy0yMA==
V3243,ATL,FLL,2019-11-11,3,149.75,114,Boeing-747,Robert,Greene,MTk5MS0xMS0wOQ==
D3204,LAX,IAH,2019-12-29,3,438.3,29,Airbus-A380,Phil,Fury,MTk4Ni0xMS0wOA==
N2413,ATL,IAH,2019-11-15,10,409.85,74,Airbus-A350,Robert,Greene,MTk5MS0xMS0wOQ==
M2286,MCO,MSP,2020-03-14,4,472.24,174,Boeing-787,Emily,Anderson,MTk5My0wMy0yMA==
T3231,JFK,FLL,2020-02-16,8,231.58,225,Boeing-787,Russell,Brown,MTk5Mi0xMS0xNA==
O2858,LAS,FLL,2020-01-01,10,169.86,89,Boeing-777,Robert,Greene,MTk5MS0xMS0wOQ==
Q2705,ORD,BOS,2019-08-23,3,83.48,125,Boeing-777,Emily,Anderson,MTk5My0wMy0yMA==
R3228,DFW,CLT,2020-02-21,6,151.3,62,Boeing-787,Russell,Brown,MTk5Mi0xMS0xNA==
V2774,ORD,CLT,2019-08-08,6,438.96,142,Boeing-747,Emily,Anderson,MTk5My0wMy0yMA==
Z2791,DFW,EWR,2020-03-14,4,306.25,46,Boeing-787,Robert,Greene,MTk5MS0xMS0wOQ==
R3228,SFO,IAH,2020-01-14,10,216.67,62,Boeing-787,Emily,Anderson,MTk5My0wMy0yMA==
D3204,MCO,EWR,2020-01-07,10,284.26,29,Airbus-A380,Robert,Greene,MTk5MS0xMS0wOQ==
Q2705,LAX,DTW,2019-10-26,9,409.47,125,Boeing-777,Russell,Brown,MTk5Mi0xMS0xNA==
N2355,LAS,MIA,2019-06-01,10,268.87,67,Boeing-777,Robert,Greene,MTk5MS0xMS0wOQ==
U2698,DFW,DTW,2019-05-04,5,372.32,122,Boeing-787,Russell,Brown,MTk5Mi0xMS0xNA==
V2774,MCO,IAH,2020-01-05,6,448.24,142,Boeing-747,Robert,Greene,MTk5MS0xMS0wOQ==
V2774,LAS,MIA,2019-04-30,5,463.02,142,Boeing-747,Emily,Anderson,MTk5My0wMy0yMA==
M2286,DFW,DTW,2019-12-29,7,406.9,174,Boeing-787,Robert,Greene,MTk5MS0xMS0wOQ==
X2978,ATL,PHL,2019-08-25,8,328.52,59,Boeing-777,Robert,Greene,MTk5MS0xMS0wOQ==
U2808,SEA,CLT,2020-03-11,1,193.73,75,Airbus-A380,Phil,Fury,MTk4Ni0xMS0wOA==
K2295,DFW,BOS,2019-07-28,2,491.52,194,Boeing-767,Emily,Anderson,MTk5My0wMy0yMA==
X2978,DEN,PHX,2019-05-03,1,216.73,59,Boeing-777,Russell,Brown,MTk5Mi0xMS0xNA==
X2978,DEN,DTW,2019-08-18,5,367.13,59,Boeing-777,Robert,Greene,MTk5MS0xMS0wOQ==
V3243,SFO,EWR,2020-01-16,7,279.43,114,Boeing-747,Phil,Fury,MTk4Ni0xMS0wOA==
K2295,LAS,BOS,2019-06-01,9,405.68,194,Boeing-767,Emily,Anderson,MTk5My0wMy0yMA==
M2286,ATL,MIA,2019-07-30,1,359.4,174,Boeing-787,Russell,Brown,MTk5Mi0xMS0xNA==
U2808,ORD,PHX,2019-10-10,6,213.0,75,Airbus-A380,Robert,Greene,MTk5MS0xMS0wOQ==
Z2791,LAX,EWR,2020-02-02,1,360.91,46,Boeing-787,Robert,Greene,MTk5MS0xMS0wOQ==
N2413,DEN,PHL,2020-01-21,10,83.69,74,Airbus-A350,Russell,Brown,MTk5Mi0xMS0xNA==
N3093,LAX,MIA,2019-10-24,2,246.98,85,Airbus-A340,Emily,Anderson,MTk5My0wMy0yMA==
R3228,ORD,MSP,2020-04-10,6,427.11,62,Boeing-787,Russell,Brown,MTk5Mi0xMS0xNA==
Z2791,DEN,CLT,2020-01-07,4,443.95,46,Boeing-787,Phil,Fury,MTk4Ni0xMS0wOA==
N2413,SEA,PHX,2019-05-08,8,335.56,74,Airbus-A350,Emily,Anderson,MTk5My0wMy0yMA==
O2858,ORD,CLT,2019-08-13,1,271.19,89,Boeing-777,Robert,Greene,MTk5MS0xMS0wOQ==
R3228,LAX,MSP,2020-04-18,7,361.3,62,Boeing-787,Robert,Greene,MTk5MS0xMS0wOQ==
O2858,ATL,MSP,2020-02-21,9,458.83,89,Boeing-777,Robert,Greene,MTk5MS0xMS0wOQ==
U2808,MCO,CLT,2020-02-13,1,218.9,75,Airbus-A380,Emily,Anderson,MTk5My0wMy0yMA==
O2806,ATL,MIA,2019-12-18,10,109.6,133,Airbus-A350,Russell,Brown,MTk5Mi0xMS0xNA==
D3204,ORD,MIA,2019-07-02,7,475.28,29,Airbus-A380,Robert,Greene,MTk5MS0xMS0wOQ==
K2295,JFK,MSP,2020-04-02,5,389.0,194,Boeing-767,Emily,Anderson,MTk5My0wMy0yMA==
K2295,LAX,DTW,2019-07-18,3,50.79,194,Boeing-767,Russell,Brown,MTk5Mi0xMS0xNA==
K2295,MCO,PHX,2020-02-13,7,58.66,194,Boeing-767,Emily,Anderson,MTk5My0wMy0yMA==
N3093,LAS,MIA,2019-09-13,4,262.99,85,Airbus-A340,Emily,Anderson,MTk5My0wMy0yMA==
Z2791,DFW,DTW,2020-03-08,7,202.52,46,Boeing-787,Emily,Anderson,MTk5My0wMy0yMA==
X2978,DEN,EWR,2020-01-11,8,359.49,59,Boeing-777,Phil,Fury,MTk4Ni0xMS0wOA==
Z2791,LAS,DTW,2020-01-08,1,183.18,46,Boeing-787,Robert,Greene,MTk5MS0xMS0wOQ==
V3243,DEN,IAH,2019-07-11,2,345.79,114,Boeing-747,Emily,Anderson,MTk5My0wMy0yMA==
Z2791,LAS,PHX,2020-04-17,10,125.63,46,Boeing-787,Robert,Greene,MTk5MS0xMS0wOQ==
O2806,ORD,IAH,2020-02-09,1,76.44,133,Airbus-A350,Russell,Brown,MTk5Mi0xMS0xNA==
Z2791,MCO,EWR,2020-03-30,9,192.0,46,Boeing-787,Russell,Brown,MTk5Mi0xMS0xNA==
D3204,MCO,FLL,2020-03-25,3,72.12,29,Airbus-A380,Emily,Anderson,MTk5My0wMy0yMA==
N3093,LAS,DTW,2020-03-02,9,308.88,85,Airbus-A340,Emily,Anderson,MTk5My0wMy0yMA==
N2413,SEA,FLL,2019-08-25,7,468.23,74,Airbus-A350,Emily,Anderson,MTk5My0wMy0yMA==
M2286,MCO,CLT,2019-10-09,2,461.56,174,Boeing-787,Russell,Brown,MTk5Mi0xMS0xNA==
R2942,ATL,MIA,2019-10-12,10,471.75,204,Boeing-767,Phil,Fury,MTk4Ni0xMS0wOA==
N2413,ORD,PHL,2019-10-05,1,497.4,74,Airbus-A350,Emily,Anderson,MTk5My0wMy0yMA==
M2286,LAS,CLT,2020-01-22,3,80.74,174,Boeing-787,Phil,Fury,MTk4Ni0xMS0wOA==
U2999,LAS,MSP,2020-03-08,4,380.44,211,Airbus-A330,Emily,Anderson,MTk5My0wMy0yMA==
D3204,ORD,CLT,2020-02-29,3,189.27,29,Airbus-A380,Robert,Greene,MTk5MS0xMS0wOQ==
U2999,SFO,IAH,2019-10-16,7,178.1,211,Airbus-A330,Phil,Fury,MTk4Ni0xMS0wOA==
Z2791,DEN,MIA,2019-11-15,10,460.73,46,Boeing-787,Emily,Anderson,MTk5My0wMy0yMA==
O2806,DFW,PHL,2019-07-29,9,435.82,133,Airbus-A350,Robert,Greene,MTk5MS0xMS0wOQ==
M2286,ATL,EWR,2020-03-02,8,435.43,174,Boeing-787,Robert,Greene,MTk5MS0xMS0wOQ==
U2999,ORD,PHX,2019-11-25,2,78.01,211,Airbus-A330,Phil,Fury,MTk4Ni0xMS0wOA==
D3204,JFK,MIA,2019-11-30,4,173.43,29,Airbus-A380,Phil,Fury,MTk4Ni0xMS0wOA==
N3093,ATL,FLL,2019-06-17,5,206.81,85,Airbus-A340,Phil,Fury,MTk4Ni0xMS0wOA==
O2806,ORD,IAH,2019-09-06,4,210.8,133,Airbus-A350,Russell,Brown,MTk5Mi0xMS0xNA==
N2413,LAX,PHX,2019-06-27,6,106.58,74,Airbus-A350,Robert,Greene,MTk5MS0xMS0wOQ==
T3231,DFW,FLL,2019-11-06,6,333.67,225,Boeing-787,Phil,Fury,MTk4Ni0xMS0wOA==
U2999,SEA,CLT,2020-02-08,1,490.5,211,Airbus-A330,Robert,Greene,MTk5MS0xMS0wOQ==
U2999,ATL,FLL,2019-10-12,7,208.28,211,Airbus-A330,Russell,Brown,MTk5Mi0xMS0xNA==
V2774,JFK,EWR,2019-08-02,3,466.05,142,Boeing-747,Phil,Fury,MTk4Ni0xMS0wOA==
U2808,MCO,MIA,2019-12-27,4,71.0,75,Airbus-A380,Robert,Greene,MTk5MS0xMS0wOQ==
M2286,LAS,PHX,2019-06-23,6,369.19,174,Boeing-787,Phil,Fury,MTk4Ni0xMS0wOA==
O2806,ATL,BOS,2019-09-19,8,233.74,133,Airbus-A350,Robert,Greene,MTk5MS0xMS0wOQ==
N2413,ORD,PHX,2019-05-23,3,60.8,74,Airbus-A350,Russell,Brown,MTk5Mi0xMS0xNA==
N3093,ATL,EWR,2019-11-21,7,315.73,85,Airbus-A340,Russell,Brown,MTk5Mi0xMS0xNA==
U2698,SEA,CLT,2020-03-17,1,308.92,122,Boeing-787,Robert,Greene,MTk5MS0xMS0wOQ==
O2806,DEN,BOS,2019-11-09,7,462.44,133,Airbus-A350,Robert,Greene,MTk5MS0xMS0wOQ==
M2286,MCO,CLT,2019-12-16,6,122.51,174,Boeing-787,Robert,Greene,MTk5MS0xMS0wOQ==
O2806,LAS,BOS,2019-06-05,7,276.44,133,Airbus-A350,Phil,Fury,MTk4Ni0xMS0wOA==
X2978,ORD,EWR,2019-05-06,2,224.97,59,Boeing-777,Robert,Greene,MTk5MS0xMS0wOQ==
U2808,SEA,EWR,2020-04-04,6,205.09,75,Airbus-A380,Russell,Brown,MTk5Mi0xMS0xNA==
D2204,DFW,BOS,2020-04-17,1,187.85,23,Boeing-787,Russell,Brown,MTk5Mi0xMS0xNA==
Q2705,JFK,BOS,2020-03-09,8,202.18,125,Boeing-777,Emily,Anderson,MTk5My0wMy0yMA==
M2286,LAX,EWR,2019-05-11,4,329.22,174,Boeing-787,Phil,Fury,MTk4Ni0xMS0wOA==
U2999,SEA,IAH,2019-08-15,5,443.81,211,Airbus-A330,Russell,Brown,MTk5Mi0xMS0xNA==
O2806,LAS,PHL,2019-07-23,8,121.97,133,Airbus-A350,Emily,Anderson,MTk5My0wMy0yMA==
V3243,LAX,PHL,2020-03-17,2,129.91,114,Boeing-747,Emily,Anderson,MTk5My0wMy0yMA==
O2806,LAX,IAH,2020-02-05,3,441.43,133,Airbus-A350,Phil,Fury,MTk4Ni0xMS0wOA==
N2413,JFK,IAH,2019-06-19,4,127.37,74,Airbus-A350,Robert,Greene,MTk5MS0xMS0wOQ==
Z2791,LAS,MIA,2020-01-19,1,338.31,46,Boeing-787,Robert,Greene,MTk5MS0xMS0wOQ==
D2204,DFW,CLT,2019-08-20,9,281.4,23,Boeing-787,Robert,Greene,MTk5MS0xMS0wOQ==
N2413,LAS,DTW,2020-03-12,6,214.29,74,Airbus-A350,Russell,Brown,MTk5Mi0xMS0xNA==
O2806,ORD,BOS,2019-11-28,4,192.94,133,Airbus-A350,Phil,Fury,MTk4Ni0xMS0wOA==
V3243,ORD,IAH,2019-11-12,4,237.67,114,Boeing-747,Robert,Greene,MTk5MS0xMS0wOQ==
R2942,DEN,DTW,2020-02-02,8,379.51,204,Boeing-767,Emily,Anderson,MTk5My0wMy0yMA==
D2204,DFW,FLL,2019-12-31,2,59.54,23,Boeing-787,Russell,Brown,MTk5Mi0xMS0xNA==
D3204,JFK,MSP,2020-02-14,1,287.15,29,Airbus-A380,Phil,Fury,MTk4Ni0xMS0wOA==
M2286,JFK,CLT,2019-06-01,9,267.96,174,Boeing-787,Phil,Fury,MTk4Ni0xMS0wOA==
Z2791,JFK,FLL,2019-05-14,6,106.6,46,Boeing-787,Phil,Fury,MTk4Ni0xMS0wOA==
K2295,DEN,PHL,2020-04-18,7,390.65,194,Boeing-767,Russell,Brown,MTk5Mi0xMS0xNA==
Q2705,SFO,PHX,2020-04-24,8,321.09,125,Boeing-777,Phil,Fury,MTk4Ni0xMS0wOA==
U2999,JFK,BOS,2019-06-18,1,336.36,211,Airbus-A330,Russell,Brown,MTk5Mi0xMS0xNA==
X2978,JFK,IAH,2020-04-05,6,209.36,59,Boeing-777,Phil,Fury,MTk4Ni0xMS0wOA==
Q2705,LAS,MSP,2019-10-25,6,73.04,125,Boeing-777,Emily,Anderson,MTk5My0wMy0yMA==
R2942,MCO,MSP,2019-11-20,9,449.01,204,Boeing-767,Russell,Brown,MTk5Mi0xMS0xNA==
D2204,SFO,BOS,2019-07-26,9,327.53,23,Boeing-787,Robert,Greene,MTk5MS0xMS0wOQ==
N2355,DEN,CLT,2019-12-10,8,102.89,67,Boeing-777,Russell,Brown,MTk5Mi0xMS0xNA==
O2858,MCO,IAH,2019-10-14,8,196.92,89,Boeing-777,Robert,Greene,MTk5MS0xMS0wOQ==
V2774,MCO,EWR,2019-11-28,7,372.44,142,Boeing-747,Emily,Anderson,MTk5My0wMy0yMA==
Z2791,SFO,CLT,2019-06-14,6,271.2,46,Boeing-787,Phil,Fury,MTk4Ni0xMS0wOA==
N2355,SFO,PHL,2020-02-07,3,302.1,67,Boeing-777,Phil,Fury,MTk4Ni0xMS0wOA==
Z2791,DEN,CLT,2020-03-11,3,73.57,46,Boeing-787,Russell,Brown,MTk5Mi0xMS0xNA==
U2999,ORD,FLL,2019-05-07,4,427.9,211,Airbus-A330,Phil,Fury,MTk4Ni0xMS0wOA==
Z2791,ATL,CLT,2019-08-29,2,356.83,46,Boeing-787,Robert,Greene,MTk5MS0xMS0wOQ==
U2999,LAX,DTW,2019-09-24,7,274.81,211,Airbus-A330,Emily,Anderson,MTk5My0wMy0yMA==
N2413,SFO,IAH,2020-03-04,8,290.88,74,Airbus-A350,Russell,Brown,MTk5Mi0xMS0xNA==
K2295,DEN,PHX,2020-03-07,7,59.27,194,Boeing-767,Phil,Fury,MTk4Ni0xMS0wOA==
O2806,SEA,CLT,2020-01-19,6,107.38,133,Airbus-A350,Russell,Brown,MTk5Mi0xMS0xNA==
V2774,DEN,MSP,2019-07-20,4,240.82,142,Boeing-747,Russell,Brown,MTk5Mi0xMS0xNA==
D2204,LAS,MSP,2019-06-02,8,195.72,23,Boeing-787,Robert,Greene,MTk5MS0xMS0wOQ==
M2286,ORD,PHX,2019-08-28,8,309.45,174,Boeing-787,Phil,Fury,MTk4Ni0xMS0wOA==
R3228,SFO,MIA,2019-09-05,8,472.42,62,Boeing-787,Russell,Brown,MTk5Mi0xMS0xNA==
K2295,MCO,MIA,2019-07-12,7,495.58,194,Boeing-767,Robert,Greene,MTk5MS0xMS0wOQ==
O2806,LAX,EWR,2019-07-17,8,444.68,133,Airbus-A350,Emily,Anderson,MTk5My0wMy0yMA==
O2858,SFO,BOS,2019-07-25,10,97.7,89,Boeing-777,Robert,Greene,MTk5MS0xMS0wOQ==
V3243,MCO,PHL,2019-05-26,6,99.03,114,Boeing-747,Emily,Anderson,MTk5My0wMy0yMA==
R3228,SEA,IAH,2019-10-27,2,382.84,62,Boeing-787,Phil,Fury,MTk4Ni0xMS0wOA==
N3093,DFW,IAH,2019-05-05,9,166.77,85,Airbus-A340,Robert,Greene,MTk5MS0xMS0wOQ==
N3093,DFW,DTW,2019-12-20,8,82.28,85,Airbus-A340,Phil,Fury,MTk4Ni0xMS0wOA==
Q2705,LAS,EWR,2019-09-25,9,394.69,125,Boeing-777,Russell,Brown,MTk5Mi0xMS0xNA==
N3093,ATL,DTW,2019-07-09,9,405.73,85,Airbus-A340,Russell,Brown,MTk5Mi0xMS0xNA==
O2858,LAX,CLT,2019-08-17,5,367.22,89,Boeing-777,Emily,Anderson,MTk5My0wMy0yMA==
D3204,JFK,IAH,2020-01-05,2,389.96,29,Airbus-A380,Russell,Brown,MTk5Mi0xMS0xNA==
O2806,JFK,MIA,2020-03-07,1,440.28,133,Airbus-A350,Phil,Fury,MTk4Ni0xMS0wOA==
N2355,LAS,CLT,2019-04-27,5,121.94,67,Boeing-777,Robert,Greene,MTk5MS0xMS0wOQ==
R3228,LAX,MIA,2019-07-09,3,70.84,62,Boeing-787,Emily,Anderson,MTk5My0wMy0yMA==
O2806,DEN,CLT,2019-10-16,6,53.15,133,Airbus-A350,Robert,Greene,MTk5MS0xMS0wOQ==
U2999,SFO,CLT,2019-09-15,3,273.09,211,Airbus-A330,Phil,Fury,MTk4Ni0xMS0wOA==
U2698,DFW,MSP,2020-02-26,4,265.66,122,Boeing-787,Emily,Anderson,MTk5My0wMy0yMA==
M2286,JFK,MIA,2019-12-03,1,128.05,174,Boeing-787,Russell,Brown,MTk5Mi0xMS0xNA==
Q2705,ORD,FLL,2019-10-11,7,263.18,125,Boeing-777,Robert,Greene,MTk5MS0xMS0wOQ==
U2698,MCO,CLT,2019-11-24,9,253.75,122,Boeing-787,Russell,Brown,MTk5Mi0xMS0xNA==
V3243,DFW,EWR,2020-01-01,9,225.35,114,Boeing-747,Russell,Brown,MTk5Mi0xMS0xNA==
U2999,LAX,CLT,2019-11-01,5,362.88,211,Airbus-A330,Phil,Fury,MTk4Ni0xMS0wOA==
D3204,MCO,FLL,2019-10-27,6,320.41,29,Airbus-A380,Robert,Greene,MTk5MS0xMS0wOQ==
N3093,LAX,BOS,2019-06-27,5,352.36,85,Airbus-A340,Emily,Anderson,MTk5My0wMy0yMA==
V2774,SEA,CLT,2019-09-25,3,109.12,142,Boeing-747,Russell,Brown,MTk5Mi0xMS0xNA==
N2355,JFK,PHX,2019-05-22,1,273.43,67,Boeing-777,Robert,Greene,MTk5MS0xMS0wOQ==
Z2791,DEN,EWR,2019-09-18,5,93.42,46,Boeing-787,Russell,Brown,MTk5Mi0xMS0xNA==
X2978,JFK,PHL,2019-05-01,5,475.62,59,Boeing-777,Phil,Fury,MTk4Ni0xMS0wOA==
D2204,SFO,PHX,2019-10-12,5,486.42,23,Boeing-787,Robert,Greene,MTk5MS0xMS0wOQ==
R3228,ATL,MIA,2019-04-30,4,208.26,62,Boeing-787,Emily,Anderson,MTk5My0wMy0yMA==
R3228,DFW,EWR,2019-11-23,6,221.17,62,Boeing-787,Emily,Anderson,MTk5My0wMy0yMA==
X2978,DFW,DTW,2020-01-31,7,313.72,59,Boeing-777,Emily,Anderson,MTk5My0wMy0yMA==
N3093,MCO,IAH,2019-11-20,6,278.21,85,Airbus-A340,Robert,Greene,MTk5MS0xMS0wOQ==
K2295,SEA,BOS,2019-08-29,6,242.67,194,Boeing-767,Russell,Brown,MTk5Mi0xMS0xNA==
N3093,DEN,PHL,2020-01-16,5,466.22,85,Airbus-A340,Phil,Fury,MTk4Ni0xMS0wOA==
V2774,ORD,PHL,2019-05-06,2,96.99,142,Boeing-747,Russell,Brown,MTk5Mi0xMS0xNA==
Z2791,SEA,MSP,2019-08-21,7,309.76,46,Boeing-787,Emily,Anderson,MTk5My0wMy0yMA==
O2858,LAS,BOS,2019-11-18,10,224.64,89,Boeing-777,Robert,Greene,MTk5MS0xMS0wOQ==
U2808,ORD,MSP,2019-10-28,3,304.16,75,Airbus-A380,Robert,Greene,MTk5MS0xMS0wOQ==
D3204,LAX,BOS,2019-12-10,3,374.93,29,Airbus-A380,Emily,Anderson,MTk5My0wMy0yMA==
N3093,SFO,BOS,2020-04-12,4,182.79,85,Airbus-A340,Russell,Brown,MTk5Mi0xMS0xNA==
Z2791,LAS,EWR,2019-08-08,1,108.03,46,Boeing-787,Phil,Fury,MTk4Ni0xMS0wOA==
K2295,MCO,FLL,2019-09-15,6,311.78,194,Boeing-767,Emily,Anderson,MTk5My0wMy0yMA==
U2808,LAX,IAH,2020-03-09,9,379.02,75,Airbus-A380,Emily,Anderson,MTk5My0wMy0yMA==
R3228,ORD,MIA,2019-11-15,1,473.2,62,Boeing-787,Emily,Anderson,MTk5My0wMy0yMA==
T3231,SEA,FLL,2020-03-01,1,152.98,225,Boeing-787,Robert,Greene,MTk5MS0xMS0wOQ==
Z2791,SFO,FLL,2019-06-15,8,221.36,46,Boeing-787,Phil,Fury,MTk4Ni0xMS0wOA==
N2413,LAX,CLT,2019-09-09,9,107.35,74,Airbus-A350,Emily,Anderson,MTk5My0wMy0yMA==
R3228,ORD,IAH,2019-09-28,9,162.94,62,Boeing-787,Emily,Anderson,MTk5My0wMy0yMA==
D3204,SFO,IAH,2019-10-18,9,411.12,29,Airbus-A380,Robert,Greene,MTk5MS0xMS0wOQ==
T3231,ORD,MSP,2020-04-06,1,413.87,225,Boeing-787,Russell,Brown,MTk5Mi0xMS0xNA==
V2774,SEA,BOS,2019-10-31,8,62.97,142,Boeing-747,Robert,Greene,MTk5MS0xMS0wOQ==
U2808,ATL,PHX,2020-02-08,10,301.05,75,Airbus-A380,Phil,Fury,MTk4Ni0xMS0wOA==
U2999,ATL,IAH,2019-07-21,6,435.33,211,Airbus-A330,Robert,Greene,MTk5MS0xMS0wOQ==
N2355,ATL,PHL,2019-09-10,9,497.37,67,Boeing-777,Emily,Anderson,MTk5My0wMy0yMA==
O2858,SEA,PHL,2019-12-23,10,362.28,89,Boeing-777,Robert,Greene,MTk5MS0xMS0wOQ==
O2858,ATL,MIA,2019-07-05,7,192.01,89,Boeing-777,Russell,Brown,MTk5Mi0xMS0xNA==
U2698,SFO,PHL,2019-06-16,6,284.1,122,Boeing-787,Phil,Fury,MTk4Ni0xMS0wOA==
R3228,SFO,CLT,2020-03-18,8,331.14,62,Boeing-787,Phil,Fury,MTk4Ni0xMS0wOA==
N3093,JFK,DTW,2020-04-02,2,440.97,85,Airbus-A340,Russell,Brown,MTk5Mi0xMS0xNA==
N2413,JFK,DTW,2019-05-12,4,98.38,74,Airbus-A350,Russell,Brown,MTk5Mi0xMS0xNA==
Z2791,DFW,IAH,2019-07-26,8,239.05,46,Boeing-787,Emily,Anderson,MTk5My0wMy0yMA==
N2413,LAS,IAH,2019-08-05,6,400.58,74,Airbus-A350,Robert,Greene,MTk5MS0xMS0wOQ==
V2774,LAS,FLL,2019-09-18,9,493.77,142,Boeing-747,Emily,Anderson,MTk5My0wMy0yMA==
N3093,ORD,EWR,2019-06-26,9,267.55,85,Airbus-A340,Emily,Anderson,MTk5My0wMy0yMA==
N3093,ATL,IAH,2019-08-26,10,316.02,85,Airbus-A340,Emily,Anderson,MTk5My0wMy0yMA==
D3204,DFW,BOS,2019-11-27,1,270.15,29,Airbus-A380,Russell,Brown,MTk5Mi0xMS0xNA==
K2295,LAS,IAH,2019-09-08,5,389.4,194,Boeing-767,Emily,Anderson,MTk5My0wMy0yMA==
R3228,SFO,EWR,2019-10-27,10,260.43,62,Boeing-787,Robert,Greene,MTk5MS0xMS0wOQ==
N2413,ORD,MSP,2019-06-20,9,290.77,74,Airbus-A350,Russell,Brown,MTk5Mi0xMS0xNA==
M2286,JFK,DTW,2020-02-05,2,472.69,174,Boeing-787,Emily,Anderson,MTk5My0wMy0yMA==
V3243,DFW,CLT,2019-12-26,2,357.21,114,Boeing-747,Robert,Greene,MTk5MS0xMS0wOQ==
O2858,ATL,EWR,2019-08-11,10,224.55,89,Boeing-777,Phil,Fury,MTk4Ni0xMS0wOA==
N3093,SEA,FLL,2020-01-12,8,250.91,85,Airbus-A340,Russell,Brown,MTk5Mi0xMS0xNA==
X2978,DFW,MIA,2019-09-01,3,378.5,59,Boeing-777,Russell,Brown,MTk5Mi0xMS0xNA==
O2806,DEN,EWR,2019-11-08,10,241.34,133,Airbus-A350,Russell,Brown,MTk5Mi0xMS0xNA==
O2858,JFK,IAH,2019-05-11,6,271.75,89,Boeing-777,Phil,Fury,MTk4Ni0xMS0wOA==
Z2791,JFK,PHX,2019-11-01,4,385.7,46,Boeing-787,Robert,Greene,MTk5MS0xMS0wOQ==
R2942,DEN,DTW,2020-03-10,4,457.33,204,Boeing-767,Emily,Anderson,MTk5My0wMy0yMA==
N3093,ORD,MIA,2019-09-14,9,457.57,85,Airbus-A340,Emily,Anderson,MTk5My0wMy0yMA==
N3093,MCO,EWR,2019-09-01,3,355.47,85,Airbus-A340,Emily,Anderson,MTk5My0wMy0yMA==
T3231,LAS,IAH,2020-02-26,10,385.87,225,Boeing-787,Phil,Fury,MTk4Ni0xMS0wOA==
D2204,DEN,PHL,2020-03-20,5,429.32,23,Boeing-787,Phil,Fury,MTk4Ni0xMS0wOA==
R3228,ORD,MIA,2020-04-04,3,269.08,62,Boeing-787,Russell,Brown,MTk5Mi0xMS0xNA==
R3228,JFK,FLL,2019-08-14,1,138.26,62,Boeing-787,Russell,Brown,MTk5Mi0xMS0xNA==
O2806,SEA,EWR,2019-10-15,2,434.2,133,Airbus-A350,Robert,Greene,MTk5MS0xMS0wOQ==
Q2705,LAX,CLT,2019-08-19,3,232.51,125,Boeing-777,Russell,Brown,MTk5Mi0xMS0xNA==
R2942,ORD,PHX,2020-02-26,4,146.5,204,Boeing-767,Robert,Greene,MTk5MS0xMS0wOQ==
V2774,DEN,CLT,2019-05-04,1,309.41,142,Boeing-747,Russell,Brown,MTk5Mi0xMS0xNA==
M2286,ORD,IAH,2020-04-20,9,338.27,174,Boeing-787,Robert,Greene,MTk5MS0xMS0wOQ==
T3231,DEN,EWR,2019-07-15,1,166.83,225,Boeing-787,Phil,Fury,MTk4Ni0xMS0wOA==
R2942,ORD,DTW,2020-03-12,4,420.53,204,Boeing-767,Emily,Anderson,MTk5My0wMy0yMA==
R2942,MCO,MIA,2019-10-29,8,308.35,204,Boeing-767,Phil,Fury,MTk4Ni0xMS0wOA==
R3228,LAS,IAH,2020-04-14,4,138.57,62,Boeing-787,Russell,Brown,MTk5Mi0xMS0xNA==
U2808,DFW,PHL,2019-08-19,9,336.23,75,Airbus-A380,Russell,Brown,MTk5Mi0xMS0xNA==
N3093,LAX,CLT,2019-09-22,1,217.3,85,Airbus-A340,Phil,Fury,MTk4Ni0xMS0wOA==
U2999,DFW,PHX,2019-08-24,10,153.58,211,Airbus-A330,Phil,Fury,MTk4Ni0xMS0wOA==
V3243,MCO,FLL,2019-12-07,9,145.86,114,Boeing-747,Phil,Fury,MTk4Ni0xMS0wOA==
V3243,LAS,MIA,2019-11-27,9,301.64,114,Boeing-747,Phil,Fury,MTk4Ni0xMS0wOA==
D2204,DEN,PHX,2020-04-13,4,220.44,23,Boeing-787,Phil,Fury,MTk4Ni0xMS0wOA==
O2858,ORD,FLL,2019-08-08,8,244.88,89,Boeing-777,Phil,Fury,MTk4Ni0xMS0wOA==
R2942,SEA,MSP,2019-10-27,1,181.56,204,Boeing-767,Robert,Greene,MTk5MS0xMS0wOQ==
N2355,JFK,MIA,2019-05-12,2,86.75,67,Boeing-777,Russell,Brown,MTk5Mi0xMS0xNA==
V2774,SEA,MSP,2019-09-24,9,282.58,142,Boeing-747,Phil,Fury,MTk4Ni0xMS0wOA==
U2999,DFW,MIA,2019-10-06,4,476.44,211,Airbus-A330,Russell,Brown,MTk5Mi0xMS0xNA==
V3243,SEA,BOS,2019-05-18,5,432.06,114,Boeing-747,Phil,Fury,MTk4Ni0xMS0wOA==
M2286,SEA,MSP,2019-11-04,10,414.14,174,Boeing-787,Phil,Fury,MTk4Ni0xMS0wOA==
X2978,MCO,BOS,2020-01-13,5,381.63,59,Boeing-777,Phil,Fury,MTk4Ni0xMS0wOA==
N2413,DEN,EWR,2019-09-11,1,66.75,74,Airbus-A350,Emily,Anderson,MTk5My0wMy0yMA==
K2295,ATL,IAH,2019-10-31,6,493.37,194,Boeing-767,Russell,Brown,MTk5Mi0xMS0xNA==
M2286,SFO,EWR,2019-09-11,7,75.67,174,Boeing-787,Robert,Greene,MTk5MS0xMS0wOQ==
V2774,DFW,DTW,2019-08-04,3,168.04,142,Boeing-747,Robert,Greene,MTk5MS0xMS0wOQ==
M2286,SFO,EWR,2020-03-03,2,169.84,174,Boeing-787,Phil,Fury,MTk4Ni0xMS0wOA==
R3228,DEN,PHX,2019-09-10,6,69.87,62,Boeing-787,Emily,Anderson,MTk5My0wMy0yMA==
D3204,DEN,MSP,2019-10-08,8,218.37,29,Airbus-A380,Russell,Brown,MTk5Mi0xMS0xNA==
O2806,LAS,PHX,2020-02-03,8,496.97,133,Airbus-A350,Phil,Fury,MTk4Ni0xMS0wOA==
V3243,SFO,EWR,2019-12-14,3,428.97,114,Boeing-747,Robert,Greene,MTk5MS0xMS0wOQ==
M2286,SEA,MSP,2019-04-29,10,68.74,174,Boeing-787,Russell,Brown,MTk5Mi0xMS0xNA==
O2858,ATL,PHL,2019-05-22,2,470.1,89,Boeing-777,Emily,Anderson,MTk5My0wMy0yMA==
Q2705,LAS,PHX,2019-11-11,7,187.86,125,Boeing-777,Phil,Fury,MTk4Ni0xMS0wOA==
Q2705,LAX,BOS,2019-12-18,10,115.73,125,Boeing-777,Robert,Greene,MTk5MS0xMS0wOQ==
O2806,LAS,FLL,2020-03-31,2,360.3,133,Airbus-A350,Robert,Greene,MTk5MS0xMS0wOQ==
U2808,SFO,EWR,2019-11-27,6,116.69,75,Airbus-A380,Emily,Anderson,MTk5My0wMy0yMA==
N3093,DEN,DTW,2019-09-08,2,315.19,85,Airbus-A340,Robert,Greene,MTk5MS0xMS0wOQ==
O2858,DEN,IAH,2020-04-16,1,297.35,89,Boeing-777,Phil,Fury,MTk4Ni0xMS0wOA==
N3093,SEA,FLL,2020-04-09,3,106.77,85,Airbus-A340,Russell,Brown,MTk5Mi0xMS0xNA==
X2978,DEN,BOS,2019-09-02,3,207.74,59,Boeing-777,Robert,Greene,MTk5MS0xMS0wOQ==
N3093,ATL,BOS,2019-10-15,4,402.98,85,Airbus-A340,Robert,Greene,MTk5MS0xMS0wOQ==
M2286,DFW,FLL,2019-11-25,8,92.7,174,Boeing-787,Robert,Greene,MTk5MS0xMS0wOQ==
O2858,DEN,PHX,2020-01-10,9,409.15,89,Boeing-777,Emily,Anderson,MTk5My0wMy0yMA==
D2204,JFK,PHL,2019-10-28,5,261.35,23,Boeing-787,Russell,Brown,MTk5Mi0xMS0xNA==
N3093,ORD,EWR,2019-07-03,1,297.99,85,Airbus-A340,Robert,Greene,MTk5MS0xMS0wOQ==
Z2791,ORD,DTW,2019-09-01,3,434.54,46,Boeing-787,Russell,Brown,MTk5Mi0xMS0xNA==
O2858,ORD,MIA,2019-05-10,9,407.31,89,Boeing-777,Emily,Anderson,MTk5My0wMy0yMA==
K2295,LAX,MIA,2019-12-15,9,285.49,194,Boeing-767,Emily,Anderson,MTk5My0wMy0yMA==
N2355,SEA,PHX,2019-06-22,10,270.92,67,Boeing-777,Emily,Anderson,MTk5My0wMy0yMA==
K2295,LAS,PHX,2020-04-15,1,432.5,194,Boeing-767,Emily,Anderson,MTk5My0wMy0yMA==
N2413,LAX,BOS,2019-07-19,7,407.07,74,Airbus-A350,Emily,Anderson,MTk5My0wMy0yMA==
X2978,JFK,MIA,2019-09-23,6,88.27,59,Boeing-777,Emily,Anderson,MTk5My0wMy0yMA==
O2858,ORD,CLT,2019-10-25,2,118.64,89,Boeing-777,Russell,Brown,MTk5Mi0xMS0xNA==
U2698,MCO,MSP,2019-07-28,7,431.88,122,Boeing-787,Robert,Greene,MTk5MS0xMS0wOQ==
R3228,LAX,EWR,2019-05-02,5,191.53,62,Boeing-787,Russell,Brown,MTk5Mi0xMS0xNA==
N2413,LAS,EWR,2020-01-25,3,177.25,74,Airbus-A350,Phil,Fury,MTk4Ni0xMS0wOA==
V2774,SEA,PHX,2019-05-20,10,83.81,142,Boeing-747,Emily,Anderson,MTk5My0wMy0yMA==
K2295,LAS,DTW,2020-04-12,4,494.96,194,Boeing-767,Robert,Greene,MTk5MS0xMS0wOQ==
Z2791,DFW,EWR,2019-12-16,5,133.42,46,Boeing-787,Phil,Fury,MTk4Ni0xMS0wOA==
V3243,LAS,IAH,2020-02-16,5,279.12,114,Boeing-747,Phil,Fury,MTk4Ni0xMS0wOA==
R3228,LAX,IAH,2019-07-08,2,125.97,62,Boeing-787,Russell,Brown,MTk5Mi0xMS0xNA==
O2858,DFW,BOS,2020-01-16,6,339.67,89,Boeing-777,Russell,Brown,MTk5Mi0xMS0xNA==
M2286,SFO,MSP,2019-06-09,8,132.34,174,Boeing-787,Russell,Brown,MTk5Mi0xMS0xNA==
D3204,ATL,MSP,2019-09-17,1,268.42,29,Airbus-A380,Robert,Greene,MTk5MS0xMS0wOQ==
O2806,LAS,PHX,2019-11-04,3,260.27,133,Airbus-A350,Russell,Brown,MTk5Mi0xMS0xNA==
R2942,LAX,MSP,2019-04-27,1,103.35,204,Boeing-767,Russell,Brown,MTk5Mi0xMS0xNA==
U2999,MCO,BOS,2019-12-23,7,422.44,211,Airbus-A330,Emily,Anderson,MTk5My0wMy0yMA==
K2295,LAS,DTW,2020-04-21,4,256.65,194,Boeing-767,Phil,Fury,MTk4Ni0xMS0wOA==
Q2705,DEN,PHL,2019-11-09,8,88.45,125,Boeing-777,Robert,Greene,MTk5MS0xMS0wOQ==
D2204,LAX,BOS,2019-08-03,2,310.52,23,Boeing-787,Russell,Brown,MTk5Mi0xMS0xNA==
Q2705,SEA,PHX,2020-03-08,5,62.84,125,Boeing-777,Russell,Brown,MTk5Mi0xMS0xNA==
V3243,ATL,MSP,2020-03-11,1,80.03,114,Boeing-747,Emily,Anderson,MTk5My0wMy0yMA==
T3231,LAS,FLL,2019-07-24,8,98.42,225,Boeing-787,Phil,Fury,MTk4Ni0xMS0wOA==
R2942,ATL,MSP,2020-03-09,7,82.52,204,Boeing-767,Phil,Fury,MTk4Ni0xMS0wOA==
D2204,LAS,MIA,2020-03-19,2,467.1,23,Boeing-787,Robert,Greene,MTk5MS0xMS0wOQ==
K2295,SEA,PHL,2019-05-23,2,178.77,194,Boeing-767,Phil,Fury,MTk4Ni0xMS0wOA==
U2999,ATL,IAH,2019-12-18,7,273.75,211,Airbus-A330,Robert,Greene,MTk5MS0xMS0wOQ==
N3093,DEN,MIA,2019-10-06,8,158.22,85,Airbus-A340,Emily,Anderson,MTk5My0wMy0yMA==
N3093,LAX,BOS,2020-02-08,8,105.13,85,Airbus-A340,Phil,Fury,MTk4Ni0xMS0wOA==
O2858,LAX,BOS,2019-10-23,10,310.31,89,Boeing-777,Robert,Greene,MTk5MS0xMS0wOQ==
O2806,ATL,FLL,2019-06-10,10,486.95,133,Airbus-A350,Robert,Greene,MTk5MS0xMS0wOQ==
D2204,DFW,IAH,2019-08-21,10,245.33,23,Boeing-787,Phil,Fury,MTk4Ni0xMS0wOA==
U2808,JFK,PHL,2019-08-27,7,247.98,75,Airbus-A380,Phil,Fury,MTk4Ni0xMS0wOA==
V2774,MCO,BOS,2020-03-28,10,191.05,142,Boeing-747,Russell,Brown,MTk5Mi0xMS0xNA==
N2413,JFK,DTW,2020-04-02,8,265.66,74,Airbus-A350,Russell,Brown,MTk5Mi0xMS0xNA==
R2942,ORD,PHX,2019-07-01,8,473.24,204,Boeing-767,Phil,Fury,MTk4Ni0xMS0wOA==
U2999,ATL,EWR,2019-10-29,2,485.73,211,Airbus-A330,Robert,Greene,MTk5MS0xMS0wOQ==
R2942,ATL,CLT,2019-10-01,4,247.82,204,Boeing-767,Phil,Fury,MTk4Ni0xMS0wOA==
R3228,LAX,IAH,2020-04-12,5,114.93,62,Boeing-787,Robert,Greene,MTk5MS0xMS0wOQ==
Z2791,LAS,PHX,2019-07-07,4,488.79,46,Boeing-787,Russell,Brown,MTk5Mi0xMS0xNA==
N2413,MCO,MSP,2019-07-27,7,53.9,74,Airbus-A350,Emily,Anderson,MTk5My0wMy0yMA==
Q2705,SEA,PHL,2020-01-16,9,303.05,125,Boeing-777,Phil,Fury,MTk4Ni0xMS0wOA==
Q2705,SFO,MSP,2020-01-24,6,94.45,125,Boeing-777,Russell,Brown,MTk5Mi0xMS0xNA==
V2774,JFK,IAH,2019-09-05,7,452.33,142,Boeing-747,Robert,Greene,MTk5MS0xMS0wOQ==
V3243,MCO,DTW,2020-03-05,5,471.59,114,Boeing-747,Robert,Greene,MTk5MS0xMS0wOQ==
D3204,SFO,PHL,2020-02-23,6,356.7,29,Airbus-A380,Russell,Brown,MTk5Mi0xMS0xNA==
R2942,MCO,EWR,2020-03-07,9,400.23,204,Boeing-767,Robert,Greene,MTk5MS0xMS0wOQ==
Q2705,LAS,FLL,2019-05-09,3,274.3,125,Boeing-777,Phil,Fury,MTk4Ni0xMS0wOA==
V2774,JFK,EWR,2019-09-28,9,306.21,142,Boeing-747,Phil,Fury,MTk4Ni0xMS0wOA==
O2806,JFK,CLT,2019-06-12,4,262.29,133,Airbus-A350,Robert,Greene,MTk5MS0xMS0wOQ==
X2978,DEN,FLL,2020-03-20,2,190.38,59,Boeing-777,Russell,Brown,MTk5Mi0xMS0xNA==
V2774,SEA,DTW,2019-11-19,9,112.93,142,Boeing-747,Phil,Fury,MTk4Ni0xMS0wOA==
K2295,MCO,MIA,2020-01-11,8,183.57,194,Boeing-767,Robert,Greene,MTk5MS0xMS0wOQ==
N2355,LAX,BOS,2019-06-04,2,441.74,67,Boeing-777,Russell,Brown,MTk5Mi0xMS0xNA==
T3231,SEA,EWR,2020-01-09,6,241.79,225,Boeing-787,Emily,Anderson,MTk5My0wMy0yMA==
O2806,LAS,PHX,2019-07-12,2,160.98,133,Airbus-A350,Phil,Fury,MTk4Ni0xMS0wOA==
Z2791,SEA,EWR,2020-02-26,4,300.68,46,Boeing-787,Phil,Fury,MTk4Ni0xMS0wOA==
V2774,MCO,PHL,2019-05-12,9,389.28,142,Boeing-747,Emily,Anderson,MTk5My0wMy0yMA==
V2774,MCO,FLL,2019-05-12,9,97.44,142,Boeing-747,Russell,Brown,MTk5Mi0xMS0xNA==
N3093,LAX,CLT,2019-06-13,8,254.23,85,Airbus-A340,Robert,Greene,MTk5MS0xMS0wOQ==
Z2791,MCO,CLT,2019-11-27,1,286.31,46,Boeing-787,Russell,Brown,MTk5Mi0xMS0xNA==
N2355,MCO,CLT,2019-09-09,7,200.22,67,Boeing-777,Russell,Brown,MTk5Mi0xMS0xNA==
O2806,SFO,DTW,2019-06-26,5,398.8,133,Airbus-A350,Emily,Anderson,MTk5My0wMy0yMA==
N3093,DEN,IAH,2020-01-30,4,285.1,85,Airbus-A340,Emily,Anderson,MTk5My0wMy0yMA==
D3204,DEN,IAH,2019-05-15,10,274.36,29,Airbus-A380,Russell,Brown,MTk5Mi0xMS0xNA==
M2286,SFO,FLL,2020-02-29,9,80.7,174,Boeing-787,Russell,Brown,MTk5Mi0xMS0xNA==
N3093,JFK,PHX,2019-11-08,8,297.66,85,Airbus-A340,Robert,Greene,MTk5MS0xMS0wOQ==
R2942,ATL,MIA,2019-06-12,5,67.11,204,Boeing-767,Phil,Fury,MTk4Ni0xMS0wOA==
U2698,DFW,PHX,2020-01-03,10,375.97,122,Boeing-787,Robert,Greene,MTk5MS0xMS0wOQ==
U2698,DEN,PHL,2019-11-03,3,317.56,122,Boeing-787,Phil,Fury,MTk4Ni0xMS0wOA==
Q2705,DFW,CLT,2019-07-13,8,393.55,125,Boeing-777,Emily,Anderson,MTk5My0wMy0yMA==
R3228,MCO,MSP,2019-08-26,3,371.54,62,Boeing-787,Robert,Greene,MTk5MS0xMS0wOQ==
M2286,MCO,FLL,2020-03-11,9,309.51,174,Boeing-787,Emily,Anderson,MTk5My0wMy0yMA==
U2698,DEN,CLT,2019-11-07,9,289.49,122,Boeing-787,Phil,Fury,MTk4Ni0xMS0wOA==
R2942,ATL,IAH,2020-02-19,8,159.72,204,Boeing-767,Russell,Brown,MTk5Mi0xMS0xNA==
X2978,DEN,BOS,2019-08-02,8,276.31,59,Boeing-777,Emily,Anderson,MTk5My0wMy0yMA==
O2858,LAS,CLT,2020-03-15,7,400.07,89,Boeing-777,Russell,Brown,MTk5Mi0xMS0xNA==
U2698,MCO,DTW,2020-01-10,8,282.74,122,Boeing-787,Robert,Greene,MTk5MS0xMS0wOQ==
R2942,JFK,FLL,2019-08-03,7,386.5,204,Boeing-767,Emily,Anderson,MTk5My0wMy0yMA==
V3243,ATL,BOS,2019-12-31,10,372.16,114,Boeing-747,Phil,Fury,MTk4Ni0xMS0wOA==
R2942,SFO,FLL,2019-12-05,8,332.04,204,Boeing-767,Robert,Greene,MTk5MS0xMS0wOQ==
D3204,JFK,MIA,2019-09-28,4,234.32,29,Airbus-A380,Robert,Greene,MTk5MS0xMS0wOQ==
N2413,LAS,IAH,2019-05-16,2,162.04,74,Airbus-A350,Emily,Anderson,MTk5My0wMy0yMA==
